employee_id,full_name,gender,role,department,designation_level,email,phone,location,date_of_birth,date_of_joining,employment_type,employment_status,manager_id,salary,leave_balance,leaves_taken,attendance_pct,performance_rating,last_review_date,exit_date
FINEMP1000,Mahesh Desai,Female,Relationship Manager,Sales,Director,mahesh.desai@finsolve.com,+91-8367665472,Hyderabad,1981-06-27,2018-07-07,Full-Time,Active,FINEMP1441,4065858,4,2,92.0,4,2025-03-16,
FINEMP1001,Pavan Krishnan,Male,HR Executive,HR,Senior,pavan.krishnan@finsolve.com,+91-7214784185,Lucknow,1988-05-23,2024-10-19,Full-Time,Active,FINEMP1397,2026850,14,5,87.5,2,2024-12-11,
FINEMP1002,Balaji Bhargava,Male,Sales Manager,Sales,Mid,balaji.bhargava@finsolve.com,+91-7025662000,Mumbai,2000-08-25,2022-07-08,Full-Time,Active,FINEMP1046,1030728,23,12,77.0,3,2024-09-15,
FINEMP1003,Nandini Srinivasan,Male,Credit Officer,Finance,Lead,nandini.srinivasan@finsolve.com,+91-6542223599,Delhi,1997-07-13,2022-10-11,Full-Time,Active,FINEMP1262,2423389,29,23,75.0,2,2024-08-07,
FINEMP1004,Aman Verma,Non-Binary,QA Engineer,Technology,Director,aman.verma@finsolve.com,+91-7138264176,Chennai,1990-03-09,2020-10-23,Full-Time,Active,FINEMP1030,3168433,27,17,75.0,3,2025-03-06,
FINEMP1005,Preeti Kuppuswamy,Male,Security Engineer,Technology,Mid,preeti.kuppuswamy@finsolve.com,+91-6293864877,Ahmedabad,1985-07-13,2019-11-22,Full-Time,Active,FINEMP1202,838536,13,12,77.0,3,2025-06-20,
FINEMP1006,Swati Khanna,Non-Binary,Marketing Analyst,Marketing,Junior,swati.khanna@finsolve.com,+91-6197529702,Chennai,1989-07-20,2024-01-10,Contract,Active,FINEMP1069,525803,16,5,87.5,4,2025-05-13,
FINEMP1007,Meera Sinha,Male,Blockchain Developer,Technology,Junior,meera.sinha@finsolve.com,+91-9920570781,Mumbai,1981-06-02,2021-04-15,Full-Time,Active,FINEMP1111,540947,0,0,95.0,3,2025-02-11,
FINEMP1008,Abhinav Jayaraman,Male,DevOps Engineer,Technology,Mid,abhinav.jayaraman@finsolve.com,+91-7284857706,Chennai,1994-01-12,2017-12-09,Intern,Active,FINEMP1212,916797,12,1,93.5,5,2025-06-23,
FINEMP1009,Rohan Pandey,Female,DevOps Engineer,Technology,Lead,rohan.pandey@finsolve.com,,Pune,1992-10-02,2023-05-01,Full-Time,Active,FINEMP1109,1602853,23,9,81.5,2,2024-10-20,
FINEMP1010,Karthik Kuppuswamy,Male,Data Analyst,Data,Senior,karthik.kuppuswamy@finsolve.com,+91-8910976189,Bengaluru,1981-02-18,2020-11-04,Full-Time,Active,FINEMP1156,1082675,14,19,75.0,3,2025-01-28,
FINEMP1011,Vikram Naik,Male,Data Analyst,Data,Mid,vikram.naik@finsolve.com,+91-9378046814,Pune,1999-03-13,2023-06-17,Full-Time,Active,FINEMP1112,885765,8,7,84.5,3,2024-08-27,
FINEMP1012,Jayshree Subramanian,Male,Marketing Analyst,Marketing,Mid,jayshree.subramanian@finsolve.com,+91-6604546780,Bengaluru,1985-02-13,2016-11-24,Full-Time,Active,FINEMP1060,1016716,25,2,77.6,3,2025-06-09,
FINEMP1013,Arjun Singh,Male,QA Engineer,Quality Assurance,Junior,arjun.singh@finsolve.com,+91-9532255403,Chennai,1991-08-31,2019-02-22,Full-Time,Active,FINEMP1024,313120,30,29,75.0,2,2025-02-22,
FINEMP1014,Chirag Arora,Female,UX Designer,Design,Lead,chirag.arora@finsolve.com,+91-6501119337,Ahmedabad,1981-04-09,2023-01-02,Full-Time,Resigned,FINEMP1478,2533108,7,2,92.0,3,2025-06-21,2025-01-04
FINEMP1015,Suresh Raghavan,Male,Business Analyst,Product,Manager,suresh.raghavan@finsolve.com,+91-9120719599,Bengaluru,1981-12-06,2019-07-21,Full-Time,Active,FINEMP1206,2826235,30,1,93.5,4,2024-10-28,
FINEMP1016,Saurabh Chatterjee,Male,DevOps Engineer,Technology,Mid,saurabh.chatterjee@finsolve.com,+91-8944974316,Bengaluru,1991-06-24,2018-09-21,Full-Time,Resigned,FINEMP1491,1017479,30,27,75.0,3,2025-05-23,2019-06-15
FINEMP1017,Dhruv Desai,Male,Marketing Manager,Marketing,Senior,dhruv.desai@finsolve.com,+91-7046120419,Lucknow,1980-08-25,2025-02-03,Full-Time,Active,FINEMP1402,2162257,6,1,93.5,3,2024-07-01,
FINEMP1018,Saurabh Srinivasan,Female,DevOps Engineer,Technology,Junior,saurabh.srinivasan@finsolve.com,+91-6621430136,Delhi,1980-10-30,2017-09-09,Full-Time,Resigned,FINEMP1119,357633,0,0,95.0,3,2024-09-27,2021-02-26
FINEMP1019,Ashok Dwivedi,Non-Binary,Software Engineer,Technology,Mid,ashok.dwivedi@finsolve.com,+91-7808011838,Bengaluru,1998-08-07,2023-02-24,Full-Time,Active,FINEMP1030,1070050,16,14,75.0,,2025-06-02,
FINEMP1020,Pavan Sethi,Female,Product Manager,Business,Mid,pavan.sethi@finsolve.com,+91-6133790981,Hyderabad,1977-09-23,2022-08-28,Full-Time,Active,FINEMP1065,1319425,22,2,92.0,3,2024-09-02,
FINEMP1021,Radhika Tiwari,Female,DevOps Engineer,Technology,Junior,radhika.tiwari@finsolve.com,+91-8514122177,Pune,1999-08-07,2016-12-11,Full-Time,Active,FINEMP1418,613205,14,6,86.0,3,2025-05-29,
FINEMP1022,Vikram Varadarajan,Male,Security Engineer,Technology,Senior,vikram.varadarajan@finsolve.com,+91-6923517027,Jaipur,1994-04-17,2018-08-08,Full-Time,Active,FINEMP1414,1951056,23,13,75.5,4,2025-06-16,
FINEMP1023,Simran Varadarajan,Female,Data Scientist,Data,Junior,simran.varadarajan@finsolve.com,+91-9572433066,Chennai,1978-10-30,2022-02-14,Full-Time,Active,FINEMP1261,687341,4,4,89.0,2,2025-01-26,
FINEMP1024,Preeti Ahuja,Female,QA Engineer,Quality Assurance,Manager,preeti.ahuja@finsolve.com,+91-9222446335,Mumbai,1993-12-21,2020-12-02,Full-Time,Resigned,FINEMP1232,3059151,3,1,93.5,4,2024-12-26,2024-07-13
FINEMP1025,Raghu Chopra,Male,Product Manager,Business,Senior,raghu.chopra@finsolve.com,+91-7196441373,Bengaluru,2000-10-02,2024-04-26,Full-Time,Active,FINEMP1319,2176430,26,21,75.0,2,2025-06-20,
FINEMP1026,Sakshi Kumar,Male,Operations Manager,Operations,Junior,sakshi.kumar@finsolve.com,,Hyderabad,1987-04-05,2023-12-25,Full-Time,Active,FINEMP1396,478165,5,4,89.0,3,2024-07-15,
FINEMP1027,Divya Nath,Female,Software Engineer,Technology,Mid,divya.nath@finsolve.com,+91-6923988689,Pune,1991-11-16,2024-07-15,Full-Time,Active,FINEMP1428,988028,10,9,81.5,2,2025-05-12,
FINEMP1028,Hemant Menon,Male,Sales Manager,Sales,Junior,hemant.menon@finsolve.com,+91-7168672809,Lucknow,1994-11-16,2021-11-14,Contract,Active,FINEMP1105,531758,6,0,95.0,3,2025-04-29,
FINEMP1029,Rishab Sharma,Male,Marketing Analyst,Marketing,Mid,rishab.sharma@finsolve.com,+91-7324651201,Bengaluru,1977-01-14,2023-04-13,Full-Time,Active,FINEMP1024,657443,,,84.2,3,2024-11-07,
FINEMP1030,Mohan Desai,Non-Binary,DevOps Engineer,Technology,Director,mohan.desai@finsolve.com,+91-6033199694,Ahmedabad,1997-04-24,2020-12-14,Full-Time,Resigned,FINEMP1206,3797352,7,5,87.5,,2024-07-09,2024-01-09
FINEMP1031,Venkat Desai,Non-Binary,Financial Analyst,Finance,Director,venkat.desai@finsolve.com,+91-8472866768,Kolkata,1994-04-04,2020-10-13,Full-Time,Active,FINEMP1049,3875967,12,17,75.0,3,2025-06-18,
FINEMP1032,Sonali Mishra,Female,DevOps Engineer,Technology,Mid,sonali.mishra@finsolve.com,+91-9627032705,Pune,1979-10-01,2022-04-14,Full-Time,Active,FINEMP1109,1149414,27,10,80.0,5,2025-05-20,
FINEMP1033,Murthy Jain,Female,Software Engineer,Technology,Mid,murthy.jain@finsolve.com,+91-6832810061,Chennai,1990-09-03,2023-06-24,Full-Time,Active,FINEMP1119,1276796,7,4,89.0,3,2025-05-31,
FINEMP1034,Murthy Kulkarni,Female,Product Manager,Product,Lead,murthy.kulkarni@finsolve.com,+91-9319357265,Ahmedabad,1997-03-01,2022-08-25,Full-Time,Active,FINEMP1455,2715232,29,20,75.0,3,2025-05-17,
FINEMP1035,Ravi Sundaramoorthy,Female,Operations Manager,Operations,Lead,ravi.sundaramoorthy@finsolve.com,+91-6293287259,Mumbai,1996-01-13,2020-08-21,Full-Time,Active,FINEMP1122,2076032,11,4,89.0,1,2024-11-23,
FINEMP1036,Raj Jagadeesan,Male,Financial Analyst,Finance,Mid,raj.jagadeesan@finsolve.com,+91-9673457063,Hyderabad,1979-01-19,2016-10-20,Full-Time,Active,FINEMP1060,1085188,30,28,75.0,3,2024-10-04,
FINEMP1037,Aditi Singh,Female,DevOps Engineer,Technology,Mid,aditi.singh@finsolve.com,+91-8153356179,Bengaluru,1981-10-07,2022-01-15,Full-Time,Active,FINEMP1303,1478053,22,20,75.0,3,2025-02-09,
FINEMP1038,Harish Kuppuswamy,Female,Content Strategist,Marketing,Senior,harish.kuppuswamy@finsolve.com,+91-6681809785,Lucknow,1991-04-29,2022-06-10,Full-Time,Active,FINEMP1137,1709607,1,1,93.5,3,2024-11-22,
FINEMP1039,Pooja Ahuja,Male,Credit Officer,Finance,Junior,pooja.ahuja@finsolve.com,+91-8819921250,Lucknow,1981-09-29,2024-06-03,Full-Time,Active,FINEMP1262,374149,9,6,86.0,2,2025-04-12,
FINEMP1040,Dinesh Varadarajan,Male,QA Engineer,Technology,Junior,dinesh.varadarajan@finsolve.com,+91-7410796055,Pune,1980-09-24,2023-11-23,Full-Time,Terminated,FINEMP1480,687330,29,20,75.0,,2024-12-05,2024-08-21
FINEMP1041,Rishi Pandey,Female,Business Analyst,Business,Mid,rishi.pandey@finsolve.com,+91-9290615870,Delhi,1996-10-24,2019-04-08,Full-Time,Active,FINEMP1219,762471,27,16,75.0,1,2024-07-19,
FINEMP1042,Narendra Raman,Male,Blockchain Developer,Technology,Junior,narendra.raman@finsolve.com,+91-9291266105,Kolkata,1980-11-17,2023-10-13,Full-Time,Active,FINEMP1049,394815,24,5,87.5,3,2024-10-29,
FINEMP1043,Ashish Menon,Male,Credit Officer,Finance,Junior,ashish.menon@finsolve.com,+91-9231495430,Mumbai,1995-02-20,2022-04-18,Full-Time,Active,FINEMP1105,723951,28,11,78.5,3,2024-11-21,
FINEMP1044,Sonali Ravindran,Female,HR Executive,HR,Mid,sonali.ravindran@finsolve.com,+91-7798134537,Pune,1982-04-09,2018-04-26,Full-Time,Active,FINEMP1171,862147,15,3,90.5,1,2024-08-11,
FINEMP1045,Mohan Mallik,Female,HR Manager,HR,Director,mohan.mallik@finsolve.com,+91-9888260570,Mumbai,1998-01-10,2022-03-27,Full-Time,Active,FINEMP1467,4984772,26,11,78.5,4,2025-01-07,
FINEMP1046,Hemant Joshi,Female,Sales Manager,Sales,Director,hemant.joshi@finsolve.com,+91-6350492684,Bengaluru,1991-10-26,2017-04-01,Full-Time,Active,FINEMP1286,3207792,20,4,89.0,2,2025-06-21,
FINEMP1047,Ananya Roy,Male,Operations Manager,Operations,Junior,ananya.roy@finsolve.com,+91-8014812671,Kolkata,1995-02-14,2016-10-01,Full-Time,Active,FINEMP1291,309963,26,23,75.0,2,2024-10-29,
FINEMP1048,Kavya Sundaramoorthy,Female,Operations Manager,Operations,Senior,kavya.sundaramoorthy@finsolve.com,+91-7024089868,Pune,1993-10-31,2023-11-26,Full-Time,Active,FINEMP1184,1131716,28,17,,3,2024-10-31,
FINEMP1049,Raj Kapoor,Male,Product Manager,Product,VP,raj.kapoor@finsolve.com,+91-6006718781,Mumbai,1990-10-29,2023-04-19,Full-Time,Resigned,,4859090,11,8,83.0,4,2024-07-10,2024-11-18
FINEMP1050,Gaurav Iyer,Female,Credit Officer,Finance,Senior,gaurav.iyer@finsolve.com,+91-7661642599,Bengaluru,1991-09-30,2024-05-24,Full-Time,Active,FINEMP1003,1141682,23,3,90.5,3,2024-07-22,
FINEMP1051,Subramanian Mallik,Male,QA Engineer,Quality Assurance,Mid,subramanian.mallik@finsolve.com,+91-9493993978,Ahmedabad,1982-11-08,2017-11-15,Full-Time,Terminated,FINEMP1212,1101776,25,22,75.0,5,2024-07-22,2020-08-08
FINEMP1052,Shalini Ghosh,Male,HR Manager,HR,Senior,shalini.ghosh@finsolve.com,+91-7331765783,Mumbai,1998-02-13,2020-07-27,Full-Time,Active,FINEMP1282,1531237,20,11,78.5,3,2024-11-16,
FINEMP1053,Preeti Gupta,Male,Product Manager,Product,Junior,preeti.gupta@finsolve.com,+91-7876691885,Bengaluru,1992-12-10,2022-12-15,Full-Time,Resigned,FINEMP1299,502713,5,3,90.5,3,2024-08-11,2025-06-26
FINEMP1054,Ashok Bose,Female,QA Engineer,Technology,Junior,ashok.bose@finsolve.com,+91-8587517187,Hyderabad,1983-02-04,2017-09-10,Full-Time,Active,FINEMP1357,341979,9,9,81.5,2,2025-02-13,
FINEMP1055,Balaji Joshi,Male,Product Manager,Product,Senior,balaji.joshi@finsolve.com,+91-9915323244,Bengaluru,1990-10-25,2025-04-09,Full-Time,Active,FINEMP1326,1120288,20,16,75.0,4,,
FINEMP1056,Aditi Mishra,Female,Compliance Officer,Compliance,VP,aditi.mishra@finsolve.com,+91-8912369511,Mumbai,1994-08-28,2017-01-05,Full-Time,Active,,6036492,30,19,75.0,3,2025-02-12,
FINEMP1057,Arjun Rao,Male,QA Engineer,Quality Assurance,Junior,arjun.rao@finsolve.com,+91-8274012889,Bengaluru,1991-06-18,2021-07-11,Full-Time,Active,FINEMP1024,430868,0,0,95.0,2,2024-11-10,
FINEMP1058,Sakshi Desai,Female,Operations Manager,Operations,Senior,sakshi.desai@finsolve.com,+91-8627992499,Lucknow,1987-10-23,2020-12-16,Full-Time,Active,FINEMP1291,1284643,14,11,78.5,3,2024-12-10,
FINEMP1059,Rekha Patel,Non-Binary,Risk Analyst,Risk,Junior,rekha.patel@finsolve.com,+91-8362219754,Bengaluru,1999-04-27,2024-05-10,Full-Time,On Notice,FINEMP1311,673192,22,11,78.5,2,2024-09-09,
FINEMP1060,Sanjay Jayaraman,Male,Marketing Manager,Marketing,Director,sanjay.jayaraman@finsolve.com,+91-6112889043,Hyderabad,1991-03-10,2023-09-19,Full-Time,Active,FINEMP1184,4685400,4,0,95.0,3,2025-03-02,
FINEMP1061,Ashok Bhargava,Male,QA Engineer,Quality Assurance,Junior,ashok.bhargava@finsolve.com,+91-9536215780,Jaipur,2000-10-15,2024-02-05,Full-Time,Active,FINEMP1171,636770,14,5,87.5,3,2025-04-26,
FINEMP1062,Aditya Vohra,Male,Senior Software Engineer,Technology,Mid,aditya.vohra@finsolve.com,+91-6554192345,Hyderabad,1994-05-29,2017-09-28,Intern,On Notice,FINEMP1138,730192,9,5,87.5,5,2025-03-22,
FINEMP1063,Nandini Khanna,Female,Marketing Analyst,Marketing,Mid,nandini.khanna@finsolve.com,+91-7076341629,Pune,1983-10-22,2018-11-18,Contract,Active,FINEMP1069,1255383,17,5,87.5,4,2025-05-15,
FINEMP1064,Prakash Arora,Male,Product Manager,Business,Senior,prakash.arora@finsolve.com,+91-8420721027,Jaipur,1976-11-05,2024-01-03,Full-Time,Active,FINEMP1241,1555023,24,19,75.0,3,2024-11-25,
FINEMP1065,Subramanian Banerjee,Male,Business Analyst,Product,VP,subramanian.banerjee@finsolve.com,+91-9456109296,Hyderabad,1993-03-20,2021-05-15,Intern,Active,,4751293,13,3,90.5,4,2024-12-10,
FINEMP1066,Vikram Kapoor,Male,Treasury Analyst,Finance,Mid,vikram.kapoor@finsolve.com,+91-7483355242,Bengaluru,1992-11-19,2024-03-25,Full-Time,On Notice,FINEMP1105,1188933,7,4,89.0,5,2025-01-12,
FINEMP1067,Shreya Ramakrishnan,Female,Content Strategist,Marketing,Lead,shreya.ramakrishnan@finsolve.com,+91-9716467404,Kolkata,1982-03-01,2019-06-19,Full-Time,Active,FINEMP1402,1898110,15,14,75.0,,2025-01-17,
FINEMP1068,Akshay Bhargava,Male,Compliance Officer,Compliance,Senior,akshay.bhargava@finsolve.com,+91-6924038246,Pune,1990-10-30,2022-01-02,Full-Time,Active,FINEMP1141,1986892,0,0,95.0,3,2025-01-22,
FINEMP1069,Ramakrishnan Joshi,Male,Marketing Analyst,Marketing,Lead,ramakrishnan.joshi@finsolve.com,+91-6219720597,Kolkata,2000-07-31,2022-09-07,Full-Time,Active,FINEMP1067,2105241,16,8,83.0,3,2024-09-03,
FINEMP1070,Anitha Mittal,Female,Software Engineer,Technology,Junior,anitha.mittal@finsolve.com,+91-9414057576,Hyderabad,1990-03-18,2023-09-12,Full-Time,Active,FINEMP1148,404363,12,0,95.0,1,2025-03-22,
FINEMP1071,Geeta Jagadeesan,Male,Relationship Manager,Sales,Senior,geeta.jagadeesan@finsolve.com,+91-9835971404,Delhi,1998-02-15,2024-03-11,Full-Time,Active,FINEMP1272,1668005,19,9,81.5,3,2025-03-07,
FINEMP1072,Hemant Yadav,Female,Business Analyst,Sales,Senior,hemant.yadav@finsolve.com,+91-8039648170,Jaipur,1975-09-30,2018-06-11,Contract,Active,FINEMP1371,1873548,25,22,75.0,3,2025-05-31,
FINEMP1073,Hemant Udayakumar,Male,Treasury Analyst,Finance,VP,hemant.udayakumar@finsolve.com,+91-9098389895,Mumbai,1977-04-21,2022-10-16,Full-Time,Active,,6094633,21,18,75.0,,2024-12-07,
FINEMP1074,Nandini Chatterjee,Male,QA Engineer,Technology,Junior,nandini.chatterjee@finsolve.com,+91-8965676060,Bengaluru,1984-02-23,2022-07-17,Full-Time,Active,FINEMP1148,782618,27,1,93.5,4,2025-06-04,
FINEMP1075,Prakash Dwivedi,Male,Credit Officer,Finance,Senior,prakash.dwivedi@finsolve.com,+91-7347557120,Bengaluru,1982-10-08,2016-08-18,Full-Time,Active,FINEMP1073,1742993,27,20,75.0,2,2024-11-03,
FINEMP1076,Hemant Jagadeesan,Male,DevOps Engineer,Technology,Junior,hemant.jagadeesan@finsolve.com,+91-6965796553,Bengaluru,1988-05-08,2020-05-23,Full-Time,Active,FINEMP1202,669616,15,8,83.0,1,2025-01-18,
FINEMP1077,Reddy Mittal,Male,Business Analyst,Product,Senior,reddy.mittal@finsolve.com,+91-9455798713,Ahmedabad,1981-07-27,2024-05-02,Full-Time,Active,FINEMP1461,1165736,14,11,78.5,4,2025-04-13,
FINEMP1078,Narendra Jayaraman,Male,Product Manager,Business,Junior,narendra.jayaraman@finsolve.com,+91-8644312718,Mumbai,1985-09-25,2021-04-02,Full-Time,Active,FINEMP1367,578418,7,6,86.0,3,2024-09-08,
FINEMP1079,Nandini Gupta,Male,Business Analyst,Business,Junior,nandini.gupta@finsolve.com,+91-9990452762,Pune,1982-01-31,2024-07-21,Full-Time,Active,FINEMP1241,760534,20,9,81.5,2,2024-08-14,
FINEMP1080,Harsh Anantharaman,Male,Treasury Analyst,Finance,Mid,harsh.anantharaman@finsolve.com,+91-8298461504,Mumbai,1976-09-03,2020-03-14,Full-Time,Active,FINEMP1468,784327,1,1,93.5,3,2024-11-25,
FINEMP1081,Satish Nath,Female,Sales Manager,Sales,Junior,satish.nath@finsolve.com,,Hyderabad,2000-06-23,2023-10-04,Full-Time,Active,FINEMP1103,475658,20,15,75.0,2,2024-11-16,
FINEMP1082,Simran Mishra,Female,Marketing Manager,Marketing,Senior,simran.mishra@finsolve.com,+91-7420277403,Delhi,1982-04-16,2018-12-15,Full-Time,Active,FINEMP1209,1390487,,,85.9,3,2024-10-06,
FINEMP1083,Mahesh Jayaraman,Non-Binary,Marketing Manager,Marketing,Mid,mahesh.jayaraman@finsolve.com,+91-8743306394,Hyderabad,1993-03-10,2019-07-17,Full-Time,Active,FINEMP1441,1020304,5,3,90.5,3,2024-10-28,
FINEMP1084,Satish Srinivasan,Male,QA Engineer,Technology,Junior,satish.srinivasan@finsolve.com,+91-7415729895,Bengaluru,1988-07-18,2024-10-24,Full-Time,Active,FINEMP1030,437129,22,21,75.0,3,2025-03-14,
FINEMP1085,Karthik Arora,Male,Legal Counsel,Legal,Junior,karthik.arora@finsolve.com,+91-8743244243,Lucknow,1988-03-26,2024-06-20,Full-Time,Active,FINEMP1413,370028,14,9,81.5,2,2025-04-01,
FINEMP1086,Varsha Khanna,Female,Operations Manager,Operations,Manager,varsha.khanna@finsolve.com,+91-8922046273,Hyderabad,1978-09-03,2019-09-15,Full-Time,Active,FINEMP1251,2558717,18,17,75.0,3,2024-09-22,
FINEMP1087,Anjali Ahuja,Male,Credit Officer,Finance,Mid,anjali.ahuja@finsolve.com,+91-7897690739,Bengaluru,1980-03-19,2022-11-07,Full-Time,Active,FINEMP1330,1112573,16,1,93.5,2,2024-07-29,
FINEMP1088,Harish Sethi,Male,Treasury Analyst,Finance,Mid,harish.sethi@finsolve.com,+91-9465675062,Mumbai,1988-10-28,2018-12-01,Full-Time,On Notice,FINEMP1350,1456113,,,81.5,3,2025-06-23,
FINEMP1089,Arjun Roy,Female,Product Manager,Product,Junior,arjun.roy@finsolve.com,+91-6258795967,Chennai,1978-02-04,2022-08-02,Full-Time,Active,FINEMP1049,394362,24,23,75.0,3,2025-01-11,
FINEMP1090,Ananya Raman,Non-Binary,UX Designer,Design,Lead,ananya.raman@finsolve.com,+91-9894535958,Bengaluru,1991-12-07,2023-07-03,Contract,Active,FINEMP1035,2630994,27,5,87.5,2,2024-10-22,
FINEMP1091,Pooja Sundaramoorthy,Female,Business Analyst,Business,Mid,pooja.sundaramoorthy@finsolve.com,+91-7281459294,Bengaluru,1995-10-08,2023-11-24,Full-Time,Active,FINEMP1319,1157772,7,5,87.5,2,2024-08-26,
FINEMP1092,Sneha Mittal,Male,Product Manager,Product,Senior,sneha.mittal@finsolve.com,+91-7800624665,Mumbai,1975-09-14,2024-04-07,Full-Time,Active,FINEMP1412,1070414,21,1,93.5,3,2025-04-02,
FINEMP1093,Pooja Khanna,Male,Sales Manager,Sales,Mid,pooja.khanna@finsolve.com,+91-9333167876,Chennai,1977-07-13,2022-03-17,Full-Time,Resigned,FINEMP1299,845536,23,18,75.0,3,2024-12-01,2025-02-26
FINEMP1094,Nandini Subramanian,Female,Marketing Manager,Marketing,Manager,nandini.subramanian@finsolve.com,+91-8238756255,Bengaluru,1984-11-30,2024-07-10,Full-Time,Active,FINEMP1282,2967522,28,5,87.5,2,2024-12-23,
FINEMP1095,Reddy Srinivasan,Male,Business Analyst,Product,Senior,reddy.srinivasan@finsolve.com,+91-7368954072,Ahmedabad,1993-09-04,2023-07-05,Full-Time,Active,FINEMP1412,1385622,15,7,84.5,3,2024-07-29,
FINEMP1096,Chitra Iyer,Female,Product Manager,Business,Junior,chitra.iyer@finsolve.com,+91-8393528385,Chennai,1998-10-10,2024-03-13,Full-Time,Active,FINEMP1372,406607,2,1,93.5,2,2024-11-14,
FINEMP1097,Preeti Sethi,Male,Business Analyst,Product,Junior,preeti.sethi@finsolve.com,+91-8589530484,Chennai,1976-10-09,2018-02-07,Full-Time,Active,FINEMP1326,608063,17,6,86.0,3,2024-07-07,
FINEMP1098,Harish Varadarajan,Male,Operations Manager,Operations,Senior,harish.varadarajan@finsolve.com,+91-9184611760,Mumbai,1980-04-06,2020-12-25,Full-Time,Resigned,FINEMP1086,1508754,22,7,84.5,3,2025-03-30,2025-02-10
FINEMP1099,Sudha Gupta,Female,Credit Officer,Finance,Mid,sudha.gupta@finsolve.com,+91-7544661869,Bengaluru,1998-01-01,2022-08-15,Full-Time,Active,FINEMP1262,1357505,26,6,86.0,1,2024-10-21,
FINEMP1100,Rajesh Tiwari,Female,Data Analyst,Data,Manager,rajesh.tiwari@finsolve.com,,Pune,1999-10-27,2024-10-19,Full-Time,Active,FINEMP1206,2419063,10,9,81.5,3,2025-06-15,
FINEMP1101,Harini Patel,Female,HR Executive,HR,Mid,harini.patel@finsolve.com,+91-9528710502,Jaipur,1996-12-01,2024-12-21,Full-Time,Active,FINEMP1255,1083214,25,4,89.0,5,2025-04-03,
FINEMP1102,Varsha Kumar,Female,Product Manager,Product,Junior,varsha.kumar@finsolve.com,+91-9603771733,Kolkata,1978-05-02,2022-11-02,Full-Time,Active,FINEMP1182,516212,20,4,,2,2025-01-07,
FINEMP1103,Chitra Khanna,Male,Sales Manager,Sales,Lead,chitra.khanna@finsolve.com,+91-8863689749,Mumbai,1996-09-03,2021-11-16,Full-Time,Resigned,,2616130,0,4,89.0,3,2025-06-22,2024-10-12
FINEMP1104,Preeti Raman,Male,Sales Manager,Sales,Senior,preeti.raman@finsolve.com,+91-6413665007,Bengaluru,1998-07-10,2021-03-08,Full-Time,Active,FINEMP1238,2104058,11,6,86.0,3,2024-11-01,
FINEMP1105,Geeta Mallik,Male,Treasury Analyst,Finance,Manager,geeta.mallik@finsolve.com,+91-8937936410,Hyderabad,1978-08-13,2022-11-28,Full-Time,Active,FINEMP1200,1866447,12,7,75.8,2,2025-02-07,
FINEMP1106,Ishita Dutta,Male,Compliance Officer,Compliance,Junior,ishita.dutta@finsolve.com,+91-9684911471,Bengaluru,1979-04-12,2025-01-08,Full-Time,Active,FINEMP1141,755143,18,1,93.5,2,2025-04-04,
FINEMP1107,Rohan Chopra,Female,Business Analyst,Business,Junior,rohan.chopra@finsolve.com,+91-9652558724,Bengaluru,1989-02-08,2019-01-07,Full-Time,Active,FINEMP1009,694397,26,2,92.0,3,2025-01-15,
FINEMP1108,Meera Bhargava,Male,Blockchain Developer,Technology,Lead,meera.bhargava@finsolve.com,+91-7424768819,Hyderabad,1992-03-20,2021-12-05,Full-Time,Active,FINEMP1135,1664474,11,6,86.0,2,2025-05-10,
FINEMP1109,Divya Rao,Female,Security Engineer,Technology,Manager,divya.rao@finsolve.com,+91-9322393065,Mumbai,1989-08-22,2019-01-21,Full-Time,Active,FINEMP1152,2744872,11,6,86.0,1,2024-08-12,
FINEMP1110,Sneha Iyer,Female,Security Engineer,Technology,Senior,sneha.iyer@finsolve.com,+91-7058493748,Bengaluru,1978-04-19,2019-02-09,Full-Time,Active,FINEMP1441,1323542,10,1,,1,2024-12-31,
FINEMP1111,Anjali Dey,Male,DevOps Engineer,Technology,Lead,anjali.dey@finsolve.com,+91-6374938761,Pune,1983-05-29,2019-07-15,Full-Time,Active,FINEMP1428,2574666,0,0,95.0,3,2024-07-06,
FINEMP1112,Thirumalai Ramakrishnan,Male,Data Scientist,Data,Lead,thirumalai.ramakrishnan@finsolve.com,+91-9346505855,Pune,1978-10-19,2019-12-18,Full-Time,Resigned,FINEMP1413,2009067,5,1,93.5,1,2024-08-01,2021-05-23
FINEMP1113,Ramakrishnan Hariharan,Male,QA Engineer,Technology,Junior,ramakrishnan.hariharan@finsolve.com,+91-7287426116,Bengaluru,1996-09-20,2022-02-12,Full-Time,Resigned,FINEMP1396,429284,15,6,86.0,,2025-01-18,2024-06-21
FINEMP1114,Deepak Chopra,Male,Business Analyst,Product,Mid,deepak.chopra@finsolve.com,+91-7415370893,Mumbai,1994-09-30,2022-06-14,Full-Time,Active,FINEMP1233,1282661,4,4,89.0,3,2025-01-19,
FINEMP1115,Lakshmi Sundaramoorthy,Male,Marketing Analyst,Marketing,Mid,lakshmi.sundaramoorthy@finsolve.com,+91-8984820893,Jaipur,1997-01-09,2023-10-26,Full-Time,Active,FINEMP1030,994322,25,3,90.5,3,2024-09-30,
FINEMP1116,Gaurav Udayakumar,Male,Data Analyst,Data,Lead,gaurav.udayakumar@finsolve.com,+91-7982652348,Bengaluru,1984-05-27,2019-08-26,Full-Time,Active,FINEMP1282,1645036,25,21,75.0,3,2025-06-02,
FINEMP1117,Ashok Chatterjee,Non-Binary,Senior Software Engineer,Technology,Lead,ashok.chatterjee@finsolve.com,+91-9389058904,Hyderabad,1991-11-29,2018-02-15,Full-Time,Active,FINEMP1303,2505028,17,13,75.5,4,2025-03-31,
FINEMP1118,Sneha Naik,Male,Security Engineer,Technology,Mid,sneha.naik@finsolve.com,+91-6364994639,Hyderabad,1979-11-27,2023-04-22,Full-Time,Active,FINEMP1357,774418,1,1,93.5,1,2024-08-23,
FINEMP1119,Harini Mishra,Female,Software Engineer,Technology,Manager,harini.mishra@finsolve.com,+91-6953487391,Hyderabad,1997-11-27,2022-12-17,Full-Time,Active,FINEMP1318,3242136,14,7,84.5,4,2024-12-23,
FINEMP1120,Nikhil Kuppuswamy,Male,Financial Analyst,Finance,Mid,nikhil.kuppuswamy@finsolve.com,+91-7268871731,Bengaluru,1993-08-29,2018-02-04,Full-Time,Active,FINEMP1003,1365618,9,3,90.5,3,2025-06-21,
FINEMP1121,Reddy Rao,Male,QA Engineer,Technology,Mid,reddy.rao@finsolve.com,+91-7289624427,Mumbai,1977-01-02,2023-12-04,Full-Time,Active,FINEMP1283,959743,21,7,84.5,3,2025-02-03,
FINEMP1122,Manish Banerjee,Female,Operations Manager,Operations,Manager,manish.banerjee@finsolve.com,+91-7739665472,Bengaluru,1983-04-11,2016-03-21,Full-Time,Active,FINEMP1387,2629596,19,14,75.0,2,2024-10-13,
FINEMP1123,Karthik Ravindran,Male,Marketing Analyst,Marketing,Senior,karthik.ravindran@finsolve.com,+91-9473467988,Chennai,1977-10-22,2017-10-04,Full-Time,Active,FINEMP1094,2125937,10,1,93.5,3,2025-05-23,
FINEMP1124,Sonali Varadarajan,Male,Operations Manager,Operations,Mid,sonali.varadarajan@finsolve.com,+91-8625549685,Chennai,1992-08-10,2023-10-04,Full-Time,Active,,1486589,5,5,87.5,3,2025-06-09,
FINEMP1125,Gautam Kuppuswamy,Female,Sales Manager,Sales,Junior,gautam.kuppuswamy@finsolve.com,+91-7024662077,Bengaluru,1988-09-12,2025-02-12,Full-Time,Active,FINEMP1361,567819,19,12,77.0,3,2025-05-26,
FINEMP1126,Murthy Malhotra,Female,Data Analyst,Data,Senior,murthy.malhotra@finsolve.com,+91-8102996505,Pune,1987-12-16,2023-03-06,Full-Time,Active,FINEMP1156,1945817,27,0,95.0,3,2025-04-13,
FINEMP1127,Lakshmi Trivedi,Female,Security Engineer,Technology,VP,lakshmi.trivedi@finsolve.com,+91-7757218651,Bengaluru,1997-01-21,2023-07-23,Contract,Active,,6549754,18,21,75.0,3,2024-09-24,
FINEMP1128,Ananya Kuppuswamy,Female,UX Designer,Design,Junior,ananya.kuppuswamy@finsolve.com,+91-9318066826,Mumbai,1997-03-21,2024-09-17,Intern,Resigned,FINEMP1100,359877,17,11,78.5,3,2025-02-10,2025-05-24
FINEMP1129,Subramanian Jayaraman,Male,Data Analyst,Data,Lead,subramanian.jayaraman@finsolve.com,+91-6439875261,Kolkata,1986-02-07,2016-05-28,Full-Time,Active,FINEMP1116,2443157,27,14,75.0,2,2024-10-15,
FINEMP1130,Abhinav Malhotra,Male,Blockchain Developer,Technology,Senior,abhinav.malhotra@finsolve.com,+91-7505947987,Pune,1994-03-17,2017-03-20,Full-Time,Active,FINEMP1464,1433312,25,11,78.5,3,2025-06-25,
FINEMP1131,Subramanian Trivedi,Female,Relationship Manager,Sales,Senior,subramanian.trivedi@finsolve.com,+91-7148229704,Hyderabad,1998-01-28,2019-11-27,Full-Time,Active,FINEMP1491,1863179,8,2,92.0,1,2024-12-11,
FINEMP1132,Chitra Aggarwal,Female,Data Analyst,Data,Mid,chitra.aggarwal@finsolve.com,+91-8904405303,Chennai,1992-08-13,2025-02-19,Full-Time,Active,FINEMP1129,1258309,14,12,77.0,3,2024-11-19,
FINEMP1133,Aman Bhat,Female,Treasury Analyst,Finance,Senior,aman.bhat@finsolve.com,+91-7585148616,Lucknow,1995-05-25,2023-08-11,Full-Time,Active,FINEMP1461,1195332,14,11,78.5,3,2024-10-19,
FINEMP1134,Aarti Jayaraman,Male,QA Engineer,Technology,Junior,aarti.jayaraman@finsolve.com,+91-8124784519,Mumbai,1987-01-17,2020-06-27,Full-Time,Active,FINEMP1137,586948,18,10,80.0,,2025-05-16,
FINEMP1135,Anjali Bose,Male,QA Engineer,Technology,VP,anjali.bose@finsolve.com,,Mumbai,1982-02-01,2023-08-15,Full-Time,Resigned,,,6,1,93.5,3,2024-11-17,2024-03-29
FINEMP1136,Simran Srinivasan,Female,Blockchain Developer,Technology,Mid,simran.srinivasan@finsolve.com,+91-6353993484,Jaipur,1991-09-06,2021-11-21,Full-Time,Active,FINEMP1119,1015594,23,7,84.5,5,2024-10-17,
FINEMP1137,Vedavati Chopra,Female,QA Engineer,Technology,Director,vedavati.chopra@finsolve.com,+91-8549834042,Hyderabad,1985-02-22,2022-09-22,Full-Time,Active,FINEMP1255,3016908,26,13,75.5,3,2024-08-14,
FINEMP1138,Dhruv Ahuja,Male,Blockchain Developer,Technology,Lead,dhruv.ahuja@finsolve.com,+91-6443247229,Bengaluru,1989-01-20,2025-03-05,Contract,Resigned,FINEMP1152,1779227,21,16,75.0,5,2024-12-26,
FINEMP1139,Ravi Krishnan,Female,Blockchain Developer,Technology,Mid,ravi.krishnan@finsolve.com,+91-9213790202,Pune,1981-10-16,2018-07-20,Full-Time,Active,FINEMP1414,827797,3,0,95.0,3,2024-12-08,
FINEMP1140,Anitha Kumar,Female,Marketing Manager,Marketing,Senior,anitha.kumar@finsolve.com,+91-8768624284,Bengaluru,1978-10-12,2024-04-18,Full-Time,Active,FINEMP1067,1597522,22,32,75.0,4,2024-10-04,
FINEMP1141,Raghu Sharma,Female,Compliance Officer,Compliance,Manager,raghu.sharma@finsolve.com,+91-6234372626,Pune,1985-09-26,2022-08-13,Full-Time,Active,FINEMP1200,2847700,2,0,95.0,3,2025-04-17,
FINEMP1142,Nandini Dutta,Male,QA Engineer,Technology,Senior,nandini.dutta@finsolve.com,+91-8933213766,Bengaluru,1982-10-01,2019-08-25,Full-Time,Active,FINEMP1428,1141626,,,98.5,4,2025-01-19,
FINEMP1143,Manish Jain,Female,Treasury Analyst,Finance,Mid,manish.jain@finsolve.com,+91-9060718580,Kolkata,1997-06-23,2020-07-14,Full-Time,Active,FINEMP1073,686431,17,8,83.0,3,2024-09-17,
FINEMP1144,Aman Patel,Female,Data Scientist,Data,Lead,aman.patel@finsolve.com,+91-8724273037,Kolkata,1977-12-19,2024-05-23,Full-Time,Active,FINEMP1232,2000458,2,0,95.0,3,2025-06-01,
FINEMP1145,Hemant Pandey,Female,Operations Manager,Operations,Senior,hemant.pandey@finsolve.com,+91-9040409964,Bengaluru,1981-02-26,2024-12-01,Contract,Active,FINEMP1461,1727093,25,8,83.0,4,2024-11-14,
FINEMP1146,Amit Rao,Female,Blockchain Developer,Technology,Mid,amit.rao@finsolve.com,+91-9313267864,Bengaluru,1976-04-25,2023-06-26,Full-Time,Active,FINEMP1111,1149300,22,20,75.0,1,2025-03-12,
FINEMP1147,Pooja Hariharan,Non-Binary,Business Analyst,Sales,Senior,pooja.hariharan@finsolve.com,+91-6675641216,Hyderabad,1986-06-11,2019-02-19,Full-Time,Active,FINEMP1414,1241872,16,16,75.0,3,2024-09-14,
FINEMP1148,Sakshi Naik,Male,Senior Software Engineer,Technology,Lead,sakshi.naik@finsolve.com,+91-9682870880,Lucknow,1976-08-02,2020-09-26,Full-Time,Resigned,FINEMP1272,2379481,7,5,87.5,2,2025-03-14,2025-01-01
FINEMP1149,Sumit Anantharaman,Male,UX Designer,Design,Senior,sumit.anantharaman@finsolve.com,+91-9454605491,Mumbai,1998-02-19,2023-01-13,Full-Time,Active,FINEMP1171,1975373,24,10,80.0,3,2024-11-26,
FINEMP1150,Disha Bhat,Female,Recruiter,HR,Junior,disha.bhat@finsolve.com,+91-9176454660,Lucknow,1985-11-18,2025-03-19,Full-Time,Active,FINEMP1467,705071,23,7,84.5,,2025-04-03,
FINEMP1151,Deepak Mallik,Male,Product Manager,Business,Junior,deepak.mallik@finsolve.com,+91-8978391464,Mumbai,1975-06-07,2021-06-01,Full-Time,Active,FINEMP1241,497276,23,6,86.0,3,2024-07-30,
FINEMP1152,Gaurav Rao,Male,Senior Software Engineer,Technology,VP,gaurav.rao@finsolve.com,+91-6399546384,Delhi,1976-12-20,2018-04-28,Full-Time,Active,,6062344,23,3,90.5,3,2025-04-29,
FINEMP1153,Ashok Parthasarathy,Female,Security Engineer,Technology,Senior,ashok.parthasarathy@finsolve.com,+91-8845174979,Mumbai,1980-11-11,2025-03-09,Full-Time,Active,FINEMP1030,1824081,23,14,75.0,4,2025-04-25,
FINEMP1154,Raghu Ghosh,Male,Financial Analyst,Finance,Senior,raghu.ghosh@finsolve.com,+91-6705985174,Mumbai,1995-03-02,2025-03-14,Full-Time,Resigned,FINEMP1255,1751383,6,3,90.5,3,2025-06-16,
FINEMP1155,Savitha Kuppuswamy,Female,DevOps Engineer,Technology,Junior,savitha.kuppuswamy@finsolve.com,+91-8993068140,Mumbai,1976-10-22,2024-04-27,Full-Time,Terminated,FINEMP1109,377764,7,6,86.0,2,2024-09-27,2024-10-31
FINEMP1156,Sonali Tiwari,Female,Data Scientist,Data,Lead,sonali.tiwari@finsolve.com,+91-8387803202,Kolkata,1999-09-05,2023-04-04,Full-Time,Active,FINEMP1206,1793167,1,0,95.0,1,2025-05-18,
FINEMP1157,Kavya Gupta,Female,UX Designer,Design,Senior,kavya.gupta@finsolve.com,+91-7111626210,Delhi,1978-05-13,2018-01-03,Full-Time,Active,FINEMP1014,1929942,2,1,93.5,3,2025-04-19,
FINEMP1158,Naveen Singh,Male,QA Engineer,Technology,Mid,naveen.singh@finsolve.com,+91-7696506450,Hyderabad,1997-04-03,2019-01-13,Full-Time,Active,,781201,29,8,83.0,3,2025-05-11,
FINEMP1159,Varsha Easwaran,Male,Senior Software Engineer,Technology,Junior,varsha.easwaran@finsolve.com,+91-8142723159,Delhi,1993-06-25,2022-09-16,Full-Time,Active,FINEMP1269,446683,13,12,77.0,4,2024-07-09,
FINEMP1160,Tanvi Mittal,Male,Product Manager,Business,Junior,tanvi.mittal@finsolve.com,+91-7542374768,Bengaluru,1996-07-08,2019-09-26,Intern,Active,FINEMP1255,778505,10,2,92.0,,2024-11-20,
FINEMP1161,Saurabh Menon,Female,Marketing Manager,Marketing,Senior,saurabh.menon@finsolve.com,+91-8025869016,Hyderabad,1998-10-01,2016-06-25,Full-Time,Active,FINEMP1060,1488137,3,1,93.5,2,2024-07-28,
FINEMP1162,Murthy Kapoor,Male,Sales Manager,Sales,Junior,murthy.kapoor@finsolve.com,+91-9424766939,Mumbai,1992-06-03,2018-06-27,Full-Time,Active,FINEMP1358,391075,18,11,78.5,4,2025-04-16,
FINEMP1163,Karan Iyer,Male,Security Engineer,Technology,Junior,karan.iyer@finsolve.com,+91-6808457424,Hyderabad,1997-01-29,2023-09-10,Full-Time,Resigned,FINEMP1191,319903,7,0,79.5,2,2024-09-04,2024-08-29
FINEMP1164,Reddy Joshi,Female,Content Strategist,Marketing,Senior,reddy.joshi@finsolve.com,+91-9446386747,Pune,1989-07-07,2023-01-01,Full-Time,Active,FINEMP1060,1297067,27,11,78.5,2,2025-01-18,
FINEMP1165,Krishnan Saxena,Female,Data Analyst,Data,Mid,krishnan.saxena@finsolve.com,+91-7385570227,Delhi,1981-02-13,2022-03-24,Full-Time,Active,FINEMP1275,1430307,15,5,87.5,2,2025-05-10,
FINEMP1166,Mohan Dutta,Male,DevOps Engineer,Technology,Junior,mohan.dutta@finsolve.com,+91-8529521639,Ahmedabad,1982-11-12,2019-07-10,Intern,Active,FINEMP1109,454411,23,32,75.0,2,2024-07-16,
FINEMP1167,Suresh Chatterjee,Male,Product Manager,Product,Senior,suresh.chatterjee@finsolve.com,+91-9955829012,Hyderabad,1984-11-28,2023-11-19,Full-Time,On Notice,FINEMP1468,2040575,23,11,78.5,5,2024-08-14,
FINEMP1168,Anjali Iyer,Female,Operations Manager,Operations,Junior,anjali.iyer@finsolve.com,+91-7139078760,Bengaluru,1984-05-28,2016-04-23,Full-Time,Active,FINEMP1148,434562,23,29,75.0,4,2025-01-27,
FINEMP1169,Arjun Naik,Male,Product Manager,Business,Senior,arjun.naik@finsolve.com,+91-7508526390,Mumbai,1999-06-30,2020-07-04,Intern,Active,FINEMP1234,1473081,2,0,95.0,4,2024-08-06,
FINEMP1170,Harsh Desai,Female,HR Executive,HR,Mid,harsh.desai@finsolve.com,+91-7612579345,Delhi,1982-03-21,2024-12-03,Contract,Active,FINEMP1352,697627,19,0,95.0,3,2025-02-07,
FINEMP1171,Karan Yadav,Male,HR Manager,HR,Manager,karan.yadav@finsolve.com,+91-7422040412,Hyderabad,1984-03-21,2022-04-14,Full-Time,Active,FINEMP1467,3314223,17,9,81.5,3,2025-04-07,
FINEMP1172,Chitra Hariharan,Male,QA Engineer,Quality Assurance,Mid,chitra.hariharan@finsolve.com,+91-7549748436,Lucknow,1975-03-04,2018-07-03,Contract,Active,FINEMP1024,647089,15,0,95.0,3,2025-02-27,
FINEMP1173,Karthik Chopra,Male,Data Analyst,Data,Mid,karthik.chopra@finsolve.com,+91-7707109267,Mumbai,1996-02-15,2022-08-22,Full-Time,Active,FINEMP1387,1273045,5,3,90.5,5,2025-02-23,
FINEMP1174,Anitha Chatterjee,Male,DevOps Engineer,Technology,Senior,anitha.chatterjee@finsolve.com,+91-7153464986,Chennai,2000-04-23,2018-01-05,Intern,Active,FINEMP1152,1202800,11,6,86.0,3,2025-01-14,
FINEMP1175,Preeti Anantharaman,Male,Security Engineer,Technology,Junior,preeti.anantharaman@finsolve.com,+91-8300016872,Mumbai,1996-04-19,2023-10-08,Full-Time,Active,FINEMP1117,341395,27,16,75.0,3,2025-05-13,
FINEMP1176,Anjali Sundaramoorthy,Male,Business Analyst,Business,Junior,anjali.sundaramoorthy@finsolve.com,+91-9252100938,Bengaluru,1995-02-22,2023-03-06,Full-Time,Active,FINEMP1219,723866,1,1,93.5,4,2025-04-30,
FINEMP1177,Priya Verma,Female,Business Analyst,Product,Senior,priya.verma@finsolve.com,+91-9122883618,Bengaluru,1978-01-02,2018-02-13,Full-Time,Active,FINEMP1442,2157741,8,0,95.0,3,2025-01-30,
FINEMP1178,Ashok Ramakrishnan,Male,UX Designer,Design,Junior,ashok.ramakrishnan@finsolve.com,+91-6636513034,Delhi,2000-06-01,2024-10-19,Full-Time,Active,FINEMP1350,792647,3,0,95.0,1,2025-01-26,
FINEMP1179,Rishab Nair,Non-Binary,DevOps Engineer,Technology,VP,rishab.nair@finsolve.com,+91-8085570788,Bengaluru,2000-08-29,2025-04-02,Full-Time,Active,,6190195,19,12,77.0,3,,
FINEMP1180,Aditi Subramanian,Female,Marketing Manager,Marketing,Mid,aditi.subramanian@finsolve.com,+91-8041046587,Bengaluru,1987-01-18,2016-06-01,Full-Time,Active,FINEMP1060,1432204,8,1,93.5,3,2025-02-11,
FINEMP1181,Raj Krishnan,Male,Operations Manager,Operations,Director,raj.krishnan@finsolve.com,+91-7790025237,Pune,1979-01-02,2021-04-15,Contract,Active,,4727989,15,11,78.5,3,2024-12-06,
FINEMP1182,Satish Yadav,Female,Business Analyst,Product,Director,satish.yadav@finsolve.com,+91-9656285641,Delhi,1998-07-08,2022-10-01,Contract,Active,FINEMP1135,4835386,26,1,93.5,1,2024-11-17,
FINEMP1183,Nisha Saxena,Female,UX Designer,Design,Senior,nisha.saxena@finsolve.com,+91-8169501271,Bengaluru,1992-10-21,2023-11-04,Full-Time,Active,FINEMP1014,1507380,19,15,75.0,2,2024-11-09,
FINEMP1184,Karan Dutta,Male,Operations Manager,Operations,VP,karan.dutta@finsolve.com,+91-7660286914,Lucknow,1977-03-24,2021-03-28,Contract,Active,,5398917,20,6,86.0,,2025-06-14,
FINEMP1185,Ramakrishnan Venkatesh,Female,Marketing Manager,Marketing,Senior,ramakrishnan.venkatesh@finsolve.com,+91-6568284681,Delhi,1982-10-08,2020-10-26,Full-Time,Active,FINEMP1067,,25,22,75.0,3,2025-01-08,
FINEMP1186,Nikhil Roy,Female,Business Analyst,Product,Mid,nikhil.roy@finsolve.com,+91-6937200760,Bengaluru,1995-12-08,2022-05-22,Full-Time,Active,FINEMP1394,1253898,3,13,75.5,3,2025-04-30,
FINEMP1187,Kabir Pillai,Male,Business Analyst,Sales,Senior,kabir.pillai@finsolve.com,+91-8939532043,Delhi,1979-11-07,2019-08-03,Full-Time,Active,FINEMP1368,1579827,27,20,75.0,2,2024-09-14,
FINEMP1188,Harini Sharma,Female,Recruiter,HR,Senior,harini.sharma@finsolve.com,+91-9864126433,Delhi,1977-07-19,2020-10-13,Contract,Active,FINEMP1352,1293453,20,9,81.5,3,2024-07-18,
FINEMP1189,Ishita Singh,Male,Security Engineer,Technology,Mid,ishita.singh@finsolve.com,+91-8456903534,Mumbai,1983-07-09,2022-06-24,Full-Time,Active,FINEMP1303,1319656,25,21,75.0,3,2025-06-01,
FINEMP1190,Neha Kuppuswamy,Non-Binary,Product Manager,Product,Senior,neha.kuppuswamy@finsolve.com,+91-8021988477,Bengaluru,1980-09-27,2019-12-09,Full-Time,Active,FINEMP1394,2172374,5,2,92.0,4,2024-12-04,
FINEMP1191,Aditya Kulkarni,Male,QA Engineer,Technology,Manager,aditya.kulkarni@finsolve.com,+91-7422996266,Jaipur,1991-09-03,2020-05-19,Full-Time,Active,FINEMP1137,2047005,27,18,75.0,3,2025-03-13,
FINEMP1192,Priya Khanna,Female,Software Engineer,Technology,Mid,priya.khanna@finsolve.com,+91-7639256813,Hyderabad,1998-10-07,2020-05-14,Full-Time,Active,FINEMP1202,1495735,6,4,89.0,3,2024-09-30,
FINEMP1193,Gautam Tiwari,Male,Financial Analyst,Finance,Junior,gautam.tiwari@finsolve.com,+91-8710265109,Pune,1982-12-07,2018-06-21,Full-Time,Active,FINEMP1031,537006,24,18,75.0,2,2024-08-14,
FINEMP1194,Chirag Kuppuswamy,Non-Binary,Marketing Manager,Marketing,Junior,chirag.kuppuswamy@finsolve.com,+91-8720808271,Delhi,1994-04-06,2023-07-14,Full-Time,Active,FINEMP1402,500968,,,94.6,3,2024-12-11,
FINEMP1195,Sakshi Kuppuswamy,Female,Compliance Officer,Compliance,Senior,sakshi.kuppuswamy@finsolve.com,,Ahmedabad,1975-03-09,2019-11-24,Full-Time,Active,FINEMP1108,1722153,3,2,92.0,3,2024-11-25,
FINEMP1196,Krishnan Krishnan,Male,Business Analyst,Product,Manager,krishnan.krishnan@finsolve.com,+91-8561389287,Bengaluru,1998-07-06,2023-06-14,Full-Time,Active,FINEMP1352,2080576,28,24,75.0,3,2025-01-22,
FINEMP1197,Ramya Gupta,Female,Operations Manager,Operations,Junior,ramya.gupta@finsolve.com,+91-9123166308,Delhi,1980-11-19,2022-04-24,Full-Time,Active,FINEMP1296,564573,11,0,95.0,4,2025-05-15,
FINEMP1198,Arun Srinivasan,Male,Software Engineer,Technology,Junior,arun.srinivasan@finsolve.com,+91-6205988231,Pune,1979-11-07,2022-11-27,Full-Time,Active,,661627,14,8,83.0,3,2025-06-16,
FINEMP1199,Aryan Kulkarni,Non-Binary,Recruiter,HR,Mid,aryan.kulkarni@finsolve.com,,Bengaluru,1993-11-17,2023-11-04,Full-Time,Active,FINEMP1232,883091,22,3,90.5,3,2024-08-23,
FINEMP1200,Krishnan Bhat,Male,Operations Manager,Operations,VP,krishnan.bhat@finsolve.com,+91-6857917067,Bengaluru,1986-10-18,2023-09-07,Full-Time,Active,,6218642,1,0,95.0,2,2024-07-06,
FINEMP1201,Swati Chatterjee,Male,Blockchain Developer,Technology,Manager,swati.chatterjee@finsolve.com,+91-6474297175,Mumbai,2000-10-02,2019-11-16,Full-Time,Active,FINEMP1204,1988917,2,0,95.0,3,2024-11-28,
FINEMP1202,Shalini Yadav,Male,DevOps Engineer,Technology,Lead,shalini.yadav@finsolve.com,+91-6428676004,Hyderabad,1982-11-02,2024-01-28,Full-Time,Active,FINEMP1109,2155794,3,0,,3,2025-05-27,
FINEMP1203,Nikhil Bhargava,Non-Binary,Sales Manager,Sales,Senior,nikhil.bhargava@finsolve.com,+91-9841966874,Pune,1994-08-20,2022-10-09,Full-Time,Active,FINEMP1368,1194933,10,6,86.0,2,2025-06-18,
FINEMP1204,Anjali Pandey,Male,Marketing Analyst,Marketing,Director,anjali.pandey@finsolve.com,+91-8786774414,Pune,1982-06-25,2019-02-05,Full-Time,Active,FINEMP1306,3122990,27,13,75.5,3,2025-02-09,
FINEMP1205,Ritika Kumar,Female,Business Analyst,Business,Mid,ritika.kumar@finsolve.com,+91-9346485166,Chennai,1991-02-01,2024-10-01,Full-Time,Active,FINEMP1376,1479269,28,15,75.0,,2024-11-10,
FINEMP1206,Satish Anantharaman,Female,Blockchain Developer,Technology,VP,satish.anantharaman@finsolve.com,+91-9026097251,Hyderabad,1998-07-17,2024-12-19,Full-Time,Active,,5439460,21,16,75.0,2,2025-06-03,
FINEMP1207,Aryan Kapoor,Female,Business Analyst,Business,Junior,aryan.kapoor@finsolve.com,+91-8850615512,Chennai,1992-04-06,2023-03-27,Full-Time,Active,FINEMP1234,767697,1,3,90.5,3,2024-09-22,
FINEMP1208,Anjali Menon,Female,Sales Manager,Sales,Junior,anjali.menon@finsolve.com,+91-7377111768,Hyderabad,1985-10-21,2020-06-09,Full-Time,Active,FINEMP1227,416762,12,3,90.5,3,2024-08-14,
FINEMP1209,Thirumalai Kuppuswamy,Male,Marketing Analyst,Marketing,Manager,thirumalai.kuppuswamy@finsolve.com,+91-6509842017,Lucknow,1997-04-23,2024-12-21,Full-Time,Resigned,FINEMP1031,2646074,17,2,92.0,2,2025-03-17,2025-06-27
FINEMP1210,Rishab Chopra,Female,Product Manager,Product,Mid,rishab.chopra@finsolve.com,+91-7959398103,Kolkata,1990-04-16,2023-06-27,Full-Time,Active,FINEMP1233,833746,10,9,81.5,2,2025-02-16,
FINEMP1211,Aditi Shetty,Female,Financial Analyst,Finance,Junior,aditi.shetty@finsolve.com,+91-8829998009,Mumbai,1984-12-12,2025-03-12,Full-Time,Active,FINEMP1003,719384,16,3,90.5,2,2025-01-25,
FINEMP1212,Arun Bhargava,Male,Data Analyst,Data,Manager,arun.bhargava@finsolve.com,+91-6841476312,Hyderabad,1983-05-31,2023-02-28,Full-Time,Active,FINEMP1387,2758494,6,0,95.0,3,2025-06-09,
FINEMP1213,Manish Rao,Male,Security Engineer,Technology,Mid,manish.rao@finsolve.com,+91-9830055793,Bengaluru,1995-03-18,2018-08-22,Intern,Active,,1128689,15,15,75.0,5,2025-03-17,
FINEMP1214,Arjun Raman,Male,Financial Analyst,Finance,Mid,arjun.raman@finsolve.com,+91-6745822208,Delhi,1980-10-04,2017-02-13,Full-Time,Active,FINEMP1127,1235605,16,13,75.5,3,2024-11-17,
FINEMP1215,Amit Yadav,Male,Operations Manager,Operations,Junior,amit.yadav@finsolve.com,+91-7263465731,Chennai,1995-04-25,2021-03-05,Full-Time,On Notice,FINEMP1437,667009,16,10,80.0,2,2024-10-10,
FINEMP1216,Harish Hariharan,Male,Operations Manager,Operations,VP,harish.hariharan@finsolve.com,+91-7248029429,Bengaluru,1990-06-28,2018-11-05,Full-Time,Active,,5245800,22,22,75.0,3,2025-04-18,
FINEMP1217,Hemant Bhargava,Non-Binary,Blockchain Developer,Technology,Mid,hemant.bhargava@finsolve.com,+91-8895853722,Chennai,1998-12-13,2022-05-28,Full-Time,Active,FINEMP1206,613390,0,0,95.0,3,2024-09-20,
FINEMP1218,Abhinav Ravindran,Female,Credit Officer,Finance,Junior,abhinav.ravindran@finsolve.com,+91-6628905148,Delhi,1977-10-13,2019-12-26,Full-Time,Active,FINEMP1262,695100,11,1,93.5,4,2024-10-22,
FINEMP1219,Mahesh Pandey,Male,Product Manager,Business,Lead,mahesh.pandey@finsolve.com,+91-9368573654,Delhi,1987-11-26,2021-12-22,Full-Time,Active,FINEMP1233,2300236,30,21,75.0,,2024-11-05,
FINEMP1220,Savitha Dwivedi,Male,Business Analyst,Business,Junior,savitha.dwivedi@finsolve.com,+91-9354046875,Bengaluru,1994-11-16,2016-04-21,Full-Time,Terminated,FINEMP1255,639545,18,6,86.0,4,2024-09-28,2024-06-14
FINEMP1221,Priya Nath,Male,Compliance Officer,Compliance,Mid,priya.nath@finsolve.com,+91-6746444391,Hyderabad,1998-01-18,2021-02-13,Full-Time,Active,FINEMP1141,892670,4,2,,3,2024-09-17,
FINEMP1222,Ashish Aggarwal,Female,Software Engineer,Technology,Mid,ashish.aggarwal@finsolve.com,+91-7385685421,Delhi,1977-04-13,2020-11-20,Full-Time,Active,FINEMP1109,915783,18,2,92.0,3,2024-10-02,
FINEMP1223,Krishnan Mittal,Female,Data Analyst,Data,Director,krishnan.mittal@finsolve.com,+91-6684491050,Mumbai,1993-08-28,2023-09-18,Full-Time,Active,FINEMP1045,3732751,6,2,92.0,4,2025-03-28,
FINEMP1224,Sudha Nath,Male,QA Engineer,Technology,Manager,sudha.nath@finsolve.com,+91-9537714726,Hyderabad,1975-05-25,2023-02-22,Contract,Active,FINEMP1031,2304046,19,7,84.5,3,2024-08-27,
FINEMP1225,Subramanian Desai,Male,QA Engineer,Technology,Mid,subramanian.desai@finsolve.com,+91-9109451569,Pune,1987-09-08,2022-01-17,Full-Time,Active,FINEMP1152,993172,16,1,93.5,2,2024-08-11,
FINEMP1226,Sneha Varadarajan,Male,Business Analyst,Business,Junior,sneha.varadarajan@finsolve.com,+91-9321377743,Bengaluru,1999-02-18,2025-01-21,Full-Time,Active,FINEMP1372,651448,6,3,90.5,3,2025-02-07,
FINEMP1227,Dinesh Jagadeesan,Female,Business Analyst,Sales,Lead,dinesh.jagadeesan@finsolve.com,+91-6309755155,Bengaluru,1981-11-24,2018-01-15,Full-Time,Active,FINEMP1223,1579453,1,1,93.5,3,2024-11-09,
FINEMP1228,Chitra Pillai,Male,QA Engineer,Technology,Junior,chitra.pillai@finsolve.com,+91-8706762540,Lucknow,1993-02-21,2020-07-11,Full-Time,Active,FINEMP1428,653002,0,0,95.0,3,2024-08-06,
FINEMP1229,Arun Reddy,Female,DevOps Engineer,Technology,Junior,arun.reddy@finsolve.com,+91-6455848684,Chennai,1988-01-01,2022-11-10,Full-Time,Active,FINEMP1227,447596,14,13,75.5,5,2024-09-07,
FINEMP1230,Savitha Banerjee,Non-Binary,Business Analyst,Product,Junior,savitha.banerjee@finsolve.com,+91-9648434874,Hyderabad,1999-06-25,2022-05-21,Full-Time,Active,FINEMP1350,655094,30,23,75.0,,2025-04-10,
FINEMP1231,Harish Nair,Male,Operations Manager,Operations,Junior,harish.nair@finsolve.com,+91-6021602991,Jaipur,2000-09-09,2019-10-13,Full-Time,Active,FINEMP1396,796489,6,5,87.5,3,2025-03-19,
FINEMP1232,Aditya Ramakrishnan,Male,HR Manager,HR,Director,aditya.ramakrishnan@finsolve.com,+91-6948277118,Bengaluru,1986-05-03,2019-04-04,Contract,Active,FINEMP1291,4677008,1,1,93.5,3,2024-11-05,
FINEMP1233,Venkat Rao,Female,Product Manager,Product,Manager,venkat.rao@finsolve.com,+91-8493639344,Ahmedabad,1996-11-08,2019-06-12,Full-Time,Active,FINEMP1223,3174626,9,3,90.5,4,2024-12-03,
FINEMP1234,Ishita Malhotra,Female,Business Analyst,Business,Lead,ishita.malhotra@finsolve.com,+91-7565487367,Bengaluru,1989-03-10,2022-07-06,Intern,Resigned,FINEMP1367,,7,6,86.0,1,2024-12-16,2025-06-18
FINEMP1235,Karthik Rao,Female,QA Engineer,Technology,Junior,karthik.rao@finsolve.com,+91-7540783437,Chennai,1988-09-13,2019-08-18,Full-Time,Active,FINEMP1414,638454,26,26,75.0,3,2025-05-16,
FINEMP1236,Tanvi Kumar,Male,Marketing Manager,Marketing,Senior,tanvi.kumar@finsolve.com,+91-9831562592,Mumbai,1975-11-02,2022-09-21,Full-Time,Active,FINEMP1455,1849628,6,4,89.0,3,2025-05-30,
FINEMP1237,Ravi Joshi,Male,Business Analyst,Business,Junior,ravi.joshi@finsolve.com,+91-6959094724,Bengaluru,1988-01-20,2019-03-15,Full-Time,On Notice,FINEMP1234,347476,16,19,75.0,2,2024-09-22,
FINEMP1238,Tanvi Yadav,Male,Treasury Analyst,Finance,Lead,tanvi.yadav@finsolve.com,+91-6683855081,Hyderabad,1983-01-14,2023-10-19,Full-Time,Active,FINEMP1141,1806601,15,1,93.5,3,2025-01-05,
FINEMP1239,Kabir Srinivasan,Male,Product Manager,Product,Mid,kabir.srinivasan@finsolve.com,+91-6888087890,Chennai,1998-03-26,2016-06-13,Full-Time,Active,FINEMP1442,1076728,1,1,93.5,5,2024-11-17,
FINEMP1240,Nandini Mukherjee,Male,Business Analyst,Sales,Mid,nandini.mukherjee@finsolve.com,+91-8337965699,Mumbai,2000-07-29,2024-03-13,Intern,Active,FINEMP1299,983041,28,16,75.0,3,2025-01-23,
FINEMP1241,Vikram Kulkarni,Female,Product Manager,Business,Manager,vikram.kulkarni@finsolve.com,+91-7481902553,Mumbai,1996-11-02,2021-08-20,Full-Time,Active,FINEMP1291,,14,1,93.5,3,2024-09-18,
FINEMP1242,Arjun Bhat,Male,Relationship Manager,Sales,Lead,arjun.bhat@finsolve.com,+91-9508795329,Hyderabad,1980-04-22,2021-11-08,Full-Time,Active,FINEMP1358,2192531,15,15,75.0,3,2024-07-11,
FINEMP1243,Dinesh Easwaran,Female,Marketing Manager,Marketing,Mid,dinesh.easwaran@finsolve.com,+91-8463105817,Pune,1982-03-24,2023-03-21,Full-Time,Active,FINEMP1003,1200067,5,1,93.5,3,2025-05-22,
FINEMP1244,Shruti Jayaraman,Male,Software Engineer,Technology,Junior,shruti.jayaraman@finsolve.com,+91-9126625885,Chennai,1987-09-19,2023-02-07,Full-Time,Active,FINEMP1316,547156,5,3,90.5,3,2024-10-01,
FINEMP1245,Chirag Trivedi,Male,Security Engineer,Technology,Junior,chirag.trivedi@finsolve.com,+91-7136107759,Bengaluru,1982-07-10,2019-12-22,Full-Time,Active,FINEMP1367,1075497,2,1,77.6,5,2025-06-15,
FINEMP1246,Amit Raman,Male,UX Designer,Design,Senior,amit.raman@finsolve.com,+91-8600650037,Hyderabad,1979-04-27,2023-03-16,Full-Time,Active,FINEMP1478,1081865,17,3,90.5,4,2025-04-02,
FINEMP1247,Jayshree Sundaramoorthy,Female,Sales Manager,Sales,Mid,jayshree.sundaramoorthy@finsolve.com,+91-9328043118,Bengaluru,1994-05-10,2020-09-14,Full-Time,Active,FINEMP1069,645548,13,12,77.0,1,2025-06-21,
FINEMP1248,Varun Aggarwal,Male,Product Manager,Product,Junior,varun.aggarwal@finsolve.com,+91-7093146603,Mumbai,1996-05-27,2024-04-28,Full-Time,Active,FINEMP1065,613677,13,0,95.0,4,2024-08-29,
FINEMP1249,Gautam Raghavan,Female,Product Manager,Product,Junior,gautam.raghavan@finsolve.com,+91-6882266582,Delhi,1989-03-03,2021-07-12,Full-Time,Active,FINEMP1233,523384,8,8,83.0,3,2025-06-13,
FINEMP1250,Amit Jayaraman,Female,Marketing Analyst,Marketing,Mid,amit.jayaraman@finsolve.com,+91-7774801423,Chennai,1999-10-07,2018-09-16,Full-Time,Active,FINEMP1316,1186252,8,5,87.5,3,2025-06-02,
FINEMP1251,Ashok Sundaramoorthy,Male,Operations Manager,Operations,Director,ashok.sundaramoorthy@finsolve.com,+91-7918110391,Bengaluru,1982-04-04,2020-02-07,Full-Time,Active,FINEMP1303,4648531,17,1,93.5,,2024-08-15,
FINEMP1252,Jayesh Rao,Male,QA Engineer,Quality Assurance,Junior,jayesh.rao@finsolve.com,+91-8578034538,Chennai,1994-07-13,2021-02-03,Full-Time,Active,FINEMP1024,494424,1,1,93.5,3,2025-05-01,
FINEMP1253,Preeti Menon,Female,Software Engineer,Technology,Junior,preeti.menon@finsolve.com,+91-9522855590,Bengaluru,1982-11-11,2022-11-16,Full-Time,Active,FINEMP1232,405752,29,9,81.5,4,2025-06-22,
FINEMP1254,Meera Mukherjee,Non-Binary,Senior Software Engineer,Technology,Senior,meera.mukherjee@finsolve.com,+91-8894912687,Hyderabad,1976-08-13,2024-06-08,Full-Time,Active,FINEMP1316,1330185,8,5,87.5,3,2024-07-07,
FINEMP1255,Aarti Tiwari,Male,Business Analyst,Business,VP,aarti.tiwari@finsolve.com,+91-8360482466,Pune,1987-10-06,2019-12-27,Full-Time,Active,,6944995,30,7,84.5,5,2025-04-20,
FINEMP1256,Venkat Roy,Male,HR Manager,HR,Mid,venkat.roy@finsolve.com,+91-7748629903,Bengaluru,1997-09-16,2019-02-18,Full-Time,Active,FINEMP1232,908545,3,2,92.0,3,2025-06-20,
FINEMP1257,Raj Menon,Female,Marketing Analyst,Marketing,Junior,raj.menon@finsolve.com,+91-8418790740,Pune,1996-09-10,2017-04-25,Full-Time,Active,FINEMP1209,706637,14,13,75.5,2,2025-05-20,
FINEMP1258,Thirumalai Sundaramoorthy,Male,Financial Analyst,Finance,Mid,thirumalai.sundaramoorthy@finsolve.com,+91-6987542412,Jaipur,1989-02-28,2024-07-12,Full-Time,Active,FINEMP1073,610195,8,1,93.5,3,2025-04-09,
FINEMP1259,Rishi Chatterjee,Male,Operations Manager,Operations,Mid,rishi.chatterjee@finsolve.com,+91-7518433834,Delhi,1984-10-20,2023-10-09,Full-Time,Active,FINEMP1358,1382401,29,23,75.0,3,2024-10-13,
FINEMP1260,Aditi Khanna,Male,Senior Software Engineer,Technology,Junior,aditi.khanna@finsolve.com,+91-7072433719,Mumbai,1990-12-21,2023-03-25,Full-Time,Active,FINEMP1111,782443,30,19,,4,2024-07-21,
FINEMP1261,Rishi Raman,Male,Data Scientist,Data,Manager,rishi.raman@finsolve.com,+91-7354705301,Delhi,1997-01-31,2025-03-16,Full-Time,Active,FINEMP1135,3402774,8,2,92.0,2,2025-04-02,
FINEMP1262,Tanvi Gupta,Male,Financial Analyst,Finance,Manager,tanvi.gupta@finsolve.com,+91-7691001287,Delhi,1982-11-03,2017-08-04,Full-Time,Active,FINEMP1073,2764837,0,3,90.5,3,2024-11-09,
FINEMP1263,Aman Dey,Male,Business Analyst,Business,Director,aman.dey@finsolve.com,+91-7018504919,Hyderabad,1987-01-31,2020-08-20,Full-Time,Active,FINEMP1181,3385694,6,6,86.0,3,2024-09-30,
FINEMP1264,Priya Sundaramoorthy,Female,Product Manager,Product,Mid,priya.sundaramoorthy@finsolve.com,+91-8946398734,Hyderabad,1985-04-02,2018-02-24,Full-Time,Active,FINEMP1442,847259,27,4,89.0,3,2024-07-04,
FINEMP1265,Mohan Nath,Male,Data Analyst,Data,Manager,mohan.nath@finsolve.com,+91-6577551466,Lucknow,1998-03-11,2018-09-24,Full-Time,Active,FINEMP1255,2820516,17,1,93.5,4,2024-11-07,
FINEMP1266,Rajesh Udayakumar,Male,Operations Manager,Operations,Junior,rajesh.udayakumar@finsolve.com,+91-6413613460,Hyderabad,1995-03-07,2017-12-11,Contract,Active,FINEMP1094,488904,29,11,,3,2025-06-12,
FINEMP1267,Suresh Dutta,Non-Binary,Risk Analyst,Risk,Mid,suresh.dutta@finsolve.com,+91-8791150990,Pune,1999-02-25,2022-03-25,Full-Time,Resigned,FINEMP1311,940881,15,14,75.0,3,2025-05-19,2025-05-27
FINEMP1268,Sneha Bhat,Female,Senior Software Engineer,Technology,Junior,sneha.bhat@finsolve.com,+91-8751272944,Hyderabad,1990-02-18,2023-07-21,Contract,Active,FINEMP1152,512217,2,1,93.5,3,2024-11-13,
FINEMP1269,Tanvi Easwaran,Female,Security Engineer,Technology,Lead,tanvi.easwaran@finsolve.com,+91-7165001700,Hyderabad,1994-12-16,2023-06-24,Full-Time,Active,FINEMP1224,2444323,5,1,93.5,4,2025-06-23,
FINEMP1270,Mahesh Chopra,Male,Treasury Analyst,Finance,Mid,mahesh.chopra@finsolve.com,+91-6716875001,Kolkata,1992-10-23,2020-02-04,Full-Time,Active,FINEMP1461,1096171,0,0,95.0,4,2025-01-15,
FINEMP1271,Neha Kulkarni,Male,DevOps Engineer,Technology,Junior,neha.kulkarni@finsolve.com,+91-9167938795,Mumbai,1987-09-30,2021-08-21,Full-Time,Active,FINEMP1360,576164,0,5,87.5,3,2025-04-02,
FINEMP1272,Priya Banerjee,Male,Relationship Manager,Sales,Lead,priya.banerjee@finsolve.com,+91-6580314097,Lucknow,1999-03-11,2022-03-19,Full-Time,Active,FINEMP1401,2682761,20,9,81.5,3,2024-08-14,
FINEMP1273,Sunil Anantharaman,Male,Operations Manager,Operations,Junior,sunil.anantharaman@finsolve.com,+91-7770401882,Kolkata,1986-08-27,2019-03-10,Full-Time,Active,FINEMP1122,574368,27,9,79.5,3,2025-03-01,
FINEMP1274,Harish Roy,Male,Operations Manager,Operations,Mid,harish.roy@finsolve.com,,Bengaluru,1994-04-23,2016-05-20,Full-Time,Active,FINEMP1122,607568,6,4,89.0,4,2025-05-26,
FINEMP1275,Meera Aggarwal,Female,Data Scientist,Data,Lead,meera.aggarwal@finsolve.com,+91-6947437263,Pune,1986-10-18,2019-02-14,Contract,Active,FINEMP1265,2583409,29,22,75.0,3,2024-11-14,
FINEMP1276,Radhika Jain,Male,QA Engineer,Technology,Mid,radhika.jain@finsolve.com,+91-6294050451,Kolkata,1983-03-08,2022-03-10,Full-Time,Terminated,FINEMP1108,1077461,8,7,75.2,2,2024-10-03,2023-04-03
FINEMP1277,Nikhil Rao,Female,Credit Officer,Finance,Junior,nikhil.rao@finsolve.com,+91-9071743181,Ahmedabad,1994-09-01,2020-12-01,Contract,Active,FINEMP1191,379001,,,88.4,4,2025-03-12,
FINEMP1278,Divya Mishra,Male,Product Manager,Business,Lead,divya.mishra@finsolve.com,+91-9399143287,Lucknow,1976-06-03,2023-06-03,Full-Time,Active,FINEMP1372,1806368,24,17,75.0,3,2025-01-11,
FINEMP1279,Ritika Mittal,Female,Data Analyst,Data,Junior,ritika.mittal@finsolve.com,+91-9299160525,Hyderabad,1986-03-02,2017-07-25,Full-Time,Active,FINEMP1109,429584,1,0,95.0,3,2025-06-13,
FINEMP1280,Anjali Shetty,Male,Relationship Manager,Sales,Senior,anjali.shetty@finsolve.com,+91-6681230929,Mumbai,1976-11-22,2023-12-18,Full-Time,Resigned,FINEMP1242,1531235,9,0,95.0,4,2025-05-20,2025-01-23
FINEMP1281,Preeti Rao,Female,Operations Manager,Operations,Senior,preeti.rao@finsolve.com,,Bengaluru,1987-05-21,2017-10-04,Full-Time,Active,FINEMP1086,1509795,,,95.7,1,2025-05-01,
FINEMP1282,Harsh Sharma,Female,HR Manager,HR,VP,harsh.sharma@finsolve.com,+91-6384313264,Hyderabad,1986-02-27,2017-03-16,Full-Time,Active,,5919445,24,1,93.5,2,2024-08-23,
FINEMP1283,Satish Udayakumar,Female,Senior Software Engineer,Technology,Manager,satish.udayakumar@finsolve.com,+91-7360386030,Kolkata,2000-01-18,2024-11-25,Full-Time,Active,FINEMP1291,2720060,0,0,95.0,,2025-06-26,
FINEMP1284,Aman Parthasarathy,Male,Credit Officer,Finance,Mid,aman.parthasarathy@finsolve.com,+91-8331025091,Chennai,1996-12-25,2022-04-19,Contract,Active,FINEMP1004,964552,14,13,75.5,3,2025-03-28,
FINEMP1285,Ritika Bhat,Female,Operations Manager,Operations,Senior,ritika.bhat@finsolve.com,+91-9519375872,Bengaluru,1986-10-24,2022-09-12,Full-Time,Active,FINEMP1003,2061070,5,4,89.0,3,2024-08-01,
FINEMP1286,Vikram Kuppuswamy,Female,Operations Manager,Operations,Director,vikram.kuppuswamy@finsolve.com,+91-8934425509,Chennai,1997-04-26,2022-09-05,Full-Time,Active,FINEMP1030,3676541,10,8,83.0,3,2024-09-29,
FINEMP1287,Saurabh Jagadeesan,Male,Sales Manager,Sales,Mid,saurabh.jagadeesan@finsolve.com,+91-8084649514,Bengaluru,1983-08-06,2019-02-02,Intern,Active,FINEMP1000,1476923,15,8,83.0,3,2024-07-06,
FINEMP1288,Mohan Joshi,Male,Senior Software Engineer,Technology,Senior,mohan.joshi@finsolve.com,+91-9987463595,Bengaluru,1978-08-03,2022-08-26,Full-Time,Active,FINEMP1202,1756916,30,26,75.0,3,2024-11-13,
FINEMP1289,Murthy Sharma,Male,Security Engineer,Technology,Junior,murthy.sharma@finsolve.com,+91-6302314710,Chennai,1988-08-19,2022-02-07,Full-Time,Active,FINEMP1283,350918,7,3,90.5,4,2024-09-29,
FINEMP1290,Sumit Jain,Female,Business Analyst,Sales,Junior,sumit.jain@finsolve.com,+91-7783204262,Bengaluru,1979-09-25,2020-11-19,Full-Time,Active,FINEMP1371,540501,13,2,92.0,3,2025-06-01,
FINEMP1291,Ritika Ahuja,Male,Operations Manager,Operations,VP,ritika.ahuja@finsolve.com,+91-8576618444,Mumbai,1994-11-15,2021-06-11,Full-Time,Active,,5861698,13,6,86.0,4,2025-04-05,
FINEMP1292,Vedavati Easwaran,Male,Business Analyst,Business,Senior,vedavati.easwaran@finsolve.com,+91-8363257229,Kolkata,1986-05-25,2025-04-15,Full-Time,Active,,1000410,9,8,83.0,,,
FINEMP1293,Ishita Kuppuswamy,Male,Operations Manager,Operations,Junior,ishita.kuppuswamy@finsolve.com,+91-7352505293,Bengaluru,1975-12-22,2022-12-27,Full-Time,Active,FINEMP1368,590278,18,4,89.0,3,2024-11-12,
FINEMP1294,Varun Pillai,Male,Credit Officer,Finance,Mid,varun.pillai@finsolve.com,+91-7073127233,Delhi,1985-06-14,2023-05-26,Full-Time,Active,FINEMP1262,1198199,29,2,92.0,3,2025-06-18,
FINEMP1295,Shalini Ramakrishnan,Female,UX Designer,Design,Senior,shalini.ramakrishnan@finsolve.com,+91-7290179211,Mumbai,1976-09-04,2022-12-26,Full-Time,Active,FINEMP1000,1164579,29,11,78.5,4,2024-08-30,
FINEMP1296,Raghu Varadarajan,Female,HR Manager,HR,Manager,raghu.varadarajan@finsolve.com,+91-9648480958,Bengaluru,1975-07-07,2024-11-25,Full-Time,Active,FINEMP1251,1913514,1,0,95.0,2,2025-06-09,
FINEMP1297,Pooja Pandey,Male,Blockchain Developer,Technology,Mid,pooja.pandey@finsolve.com,+91-7913907148,Delhi,2000-10-20,2022-09-03,Full-Time,Active,FINEMP1129,903859,4,0,95.0,3,2024-11-11,
FINEMP1298,Sunil Sharma,Female,Sales Manager,Sales,Senior,sunil.sharma@finsolve.com,+91-7866125107,Kolkata,1980-11-06,2023-03-16,Full-Time,Active,FINEMP1361,2023118,18,16,75.0,3,2024-12-12,
FINEMP1299,Sudha Ramakrishnan,Male,Business Analyst,Sales,Lead,sudha.ramakrishnan@finsolve.com,+91-6384806111,Chennai,1980-01-18,2023-11-14,Contract,Resigned,FINEMP1427,2230454,11,0,95.0,3,2025-02-11,2025-03-27
FINEMP1300,Megha Rao,Male,Sales Manager,Sales,Senior,megha.rao@finsolve.com,+91-9969465472,Hyderabad,1985-06-22,2023-04-22,Full-Time,Active,FINEMP1371,1179965,1,0,95.0,,2025-06-20,
FINEMP1301,Prakash Ghosh,Male,Software Engineer,Technology,Mid,prakash.ghosh@finsolve.com,+91-8023746966,Ahmedabad,1976-01-08,2020-06-07,Full-Time,Active,FINEMP1360,822167,16,15,75.0,3,2025-06-07,
FINEMP1302,Kabir Udayakumar,Male,Operations Manager,Operations,Mid,kabir.udayakumar@finsolve.com,+91-9891413386,Delhi,1998-08-19,2020-01-09,Full-Time,Active,FINEMP1396,897809,22,1,93.5,3,2025-06-03,
FINEMP1303,Reddy Kuppuswamy,Male,DevOps Engineer,Technology,VP,reddy.kuppuswamy@finsolve.com,+91-9920741537,Pune,1991-02-27,2018-02-01,Full-Time,Active,,6121195,12,11,78.5,3,2025-03-29,
FINEMP1304,Shalini Mallik,Male,Risk Analyst,Risk,Mid,shalini.mallik@finsolve.com,+91-8150278891,Bengaluru,1995-07-18,2021-09-23,Full-Time,Active,FINEMP1311,859409,9,6,78.4,3,2024-12-01,
FINEMP1305,Rishi Gupta,Female,Financial Analyst,Finance,Junior,rishi.gupta@finsolve.com,+91-8152858629,Bengaluru,1987-05-17,2025-06-09,Full-Time,Resigned,FINEMP1296,766827,0,0,95.0,3,,
FINEMP1306,Priya Mallik,Male,Product Manager,Product,VP,priya.mallik@finsolve.com,+91-7641567077,Lucknow,1998-05-11,2021-11-20,Full-Time,Active,,5453902,18,9,81.5,3,2024-10-13,
FINEMP1307,Arjun Krishnan,Male,Blockchain Developer,Technology,Mid,arjun.krishnan@finsolve.com,+91-8325096977,Chennai,1984-01-28,2024-03-10,Full-Time,Active,FINEMP1111,1149249,13,12,77.0,3,2024-12-09,
FINEMP1308,Abhinav Parthasarathy,Male,Software Engineer,Technology,Junior,abhinav.parthasarathy@finsolve.com,+91-9089973470,Mumbai,1980-04-23,2025-03-27,Full-Time,Active,FINEMP1441,681199,10,6,86.0,3,2025-05-22,
FINEMP1309,Vikram Dwivedi,Female,Blockchain Developer,Technology,Mid,vikram.dwivedi@finsolve.com,+91-9346242886,Delhi,1983-06-07,2021-02-05,Intern,Resigned,,1399484,19,18,75.0,3,2024-07-13,2023-08-09
FINEMP1310,Geeta Anantharaman,Male,Marketing Manager,Marketing,Senior,geeta.anantharaman@finsolve.com,+91-8046990957,Mumbai,1981-01-05,2016-09-28,Full-Time,Active,FINEMP1358,1784249,12,2,92.0,3,2024-07-07,
FINEMP1311,Thirumalai Verma,Female,Risk Analyst,Risk,Manager,thirumalai.verma@finsolve.com,+91-6955863041,Hyderabad,1984-02-06,2024-04-03,Full-Time,Active,FINEMP1135,2721247,15,14,75.0,2,2025-05-07,
FINEMP1312,Harini Anantharaman,Female,Business Analyst,Product,Junior,harini.anantharaman@finsolve.com,+91-7692864410,Jaipur,2000-08-27,2018-10-18,Full-Time,On Notice,FINEMP1467,759162,1,1,93.5,3,2024-11-02,
FINEMP1313,Harish Bhat,Male,Data Scientist,Data,Senior,harish.bhat@finsolve.com,+91-6168584421,Mumbai,2000-01-07,2019-07-17,Full-Time,Active,FINEMP1112,1103380,14,4,89.0,3,2024-11-27,
FINEMP1314,Disha Rao,Female,Treasury Analyst,Finance,Mid,disha.rao@finsolve.com,+91-8963325389,Lucknow,1998-03-11,2021-03-15,Full-Time,Active,FINEMP1461,1073639,16,4,89.0,,2025-02-17,
FINEMP1315,Preeti Dutta,Male,Recruiter,HR,Director,preeti.dutta@finsolve.com,+91-9847409832,Bengaluru,1984-01-22,2024-08-03,Full-Time,Active,FINEMP1282,4450636,22,22,75.0,4,2025-05-20,
FINEMP1316,Arun Iyer,Male,DevOps Engineer,Technology,Manager,arun.iyer@finsolve.com,+91-9037740700,Delhi,1992-03-24,2022-12-26,Contract,Active,FINEMP1291,3083609,12,0,95.0,3,2025-06-02,
FINEMP1317,Murthy Bhat,Female,Operations Manager,Operations,Senior,murthy.bhat@finsolve.com,+91-6621083944,Bengaluru,1983-01-09,2020-12-02,Full-Time,Active,FINEMP1181,1649106,30,20,75.0,3,2024-07-01,
FINEMP1318,Raghu Trivedi,Male,Security Engineer,Technology,Director,raghu.trivedi@finsolve.com,+91-6052431950,Lucknow,1995-07-29,2023-08-28,Full-Time,Active,FINEMP1467,4693354,,,84.8,1,2025-02-28,
FINEMP1319,Hemant Khanna,Female,Product Manager,Business,Lead,hemant.khanna@finsolve.com,+91-6341041534,Bengaluru,1975-04-18,2023-04-18,Full-Time,Active,FINEMP1219,2669264,6,8,83.0,3,2024-07-16,
FINEMP1320,Aditya Rao,Male,Business Analyst,Product,Senior,aditya.rao@finsolve.com,+91-6376680187,Delhi,1977-03-14,2017-02-14,Full-Time,Active,FINEMP1358,1338344,19,19,75.0,2,2025-04-22,
FINEMP1321,Ramakrishnan Kapoor,Female,Relationship Manager,Sales,Junior,ramakrishnan.kapoor@finsolve.com,+91-6399974336,Jaipur,1988-06-04,2017-06-12,Intern,Active,FINEMP1242,730054,13,1,93.5,3,2024-11-17,
FINEMP1322,Megha Banerjee,Female,DevOps Engineer,Technology,Mid,megha.banerjee@finsolve.com,+91-8253338333,Pune,1984-05-31,2017-12-07,Full-Time,Active,FINEMP1117,714611,20,2,92.0,3,2025-06-26,
FINEMP1323,Pavan Yadav,Female,DevOps Engineer,Technology,Junior,pavan.yadav@finsolve.com,+91-9641264554,Jaipur,1989-03-13,2021-05-17,Contract,Active,FINEMP1461,626759,4,3,90.5,3,2024-09-30,
FINEMP1324,Neha Singh,Non-Binary,Security Engineer,Technology,Senior,neha.singh@finsolve.com,+91-7247636714,Hyderabad,1983-09-07,2020-01-04,Full-Time,Active,FINEMP1179,1247308,6,3,90.5,4,2025-05-22,
FINEMP1325,Reddy Sethi,Female,Marketing Manager,Marketing,Mid,reddy.sethi@finsolve.com,,Hyderabad,1984-01-10,2017-12-10,Full-Time,Active,FINEMP1065,671131,16,0,95.0,3,2025-04-17,
FINEMP1326,Saurabh Easwaran,Female,Product Manager,Product,Lead,saurabh.easwaran@finsolve.com,+91-6833290584,Hyderabad,1989-10-29,2018-06-22,Full-Time,Active,FINEMP1442,2495099,20,4,89.0,3,2024-12-18,
FINEMP1327,Ananya Udayakumar,Female,QA Engineer,Technology,Junior,ananya.udayakumar@finsolve.com,+91-7777914852,Bengaluru,1977-07-06,2023-09-10,Full-Time,Active,FINEMP1401,655570,17,26,75.0,3,2024-12-28,
FINEMP1328,Ramya Malhotra,Female,Software Engineer,Technology,Junior,ramya.malhotra@finsolve.com,+91-7204566630,Bengaluru,1976-05-25,2024-06-13,Full-Time,Active,FINEMP1119,741663,19,19,75.0,3,2024-12-08,
FINEMP1329,Rekha Krishnan,Male,Business Analyst,Sales,Junior,rekha.krishnan@finsolve.com,+91-7777556269,Mumbai,1978-11-23,2024-08-08,Full-Time,Active,FINEMP1272,734874,6,1,93.5,4,2024-08-16,
FINEMP1330,Shruti Mallik,Male,Credit Officer,Finance,Manager,shruti.mallik@finsolve.com,+91-9431787433,Lucknow,1996-08-25,2017-09-05,Full-Time,Active,FINEMP1135,2813914,16,10,80.0,3,2025-03-21,
FINEMP1331,Savitha Yadav,Male,Operations Manager,Operations,Senior,savitha.yadav@finsolve.com,+91-6156991958,Bengaluru,1995-08-10,2023-07-23,Full-Time,Terminated,FINEMP1200,1242925,,,93.7,3,2024-08-13,2024-12-25
FINEMP1332,Simran Parthasarathy,Male,Compliance Officer,Compliance,Senior,simran.parthasarathy@finsolve.com,+91-6442823293,Bengaluru,1998-05-09,2023-11-24,Full-Time,Active,FINEMP1141,1654611,6,1,93.5,3,2025-06-08,
FINEMP1333,Kabir Pandey,Male,Compliance Officer,Compliance,Mid,kabir.pandey@finsolve.com,+91-6676440254,Delhi,1987-04-11,2019-02-01,Full-Time,Active,FINEMP1056,1186810,6,4,89.0,2,2024-11-22,
FINEMP1334,Vikram Bhargava,Female,Business Analyst,Business,Mid,vikram.bhargava@finsolve.com,+91-7337356436,Kolkata,1990-03-12,2019-09-15,Full-Time,Active,FINEMP1319,630401,21,12,77.0,4,2025-05-01,
FINEMP1335,Shalini Nair,Female,Security Engineer,Technology,Senior,shalini.nair@finsolve.com,+91-8964063863,Mumbai,1994-12-31,2018-10-12,Full-Time,Active,FINEMP1316,1415544,21,2,92.0,3,2024-09-05,
FINEMP1336,Reddy Naik,Female,Operations Manager,Operations,Mid,reddy.naik@finsolve.com,+91-9950034345,Bengaluru,1996-01-03,2024-02-15,Full-Time,Active,FINEMP1119,1275721,14,3,90.5,2,2025-01-02,
FINEMP1337,Sonali Desai,Male,QA Engineer,Technology,Mid,sonali.desai@finsolve.com,+91-9939620696,Kolkata,1989-10-26,2016-06-15,Full-Time,Active,FINEMP1179,668540,11,2,92.0,1,2025-03-17,
FINEMP1338,Priya Shetty,Male,Software Engineer,Technology,Mid,priya.shetty@finsolve.com,+91-9067779533,Delhi,1979-10-19,2022-06-18,Full-Time,Active,FINEMP1428,1430924,14,6,86.0,3,2025-03-03,
FINEMP1339,Ramya Kapoor,Female,Risk Analyst,Risk,Mid,ramya.kapoor@finsolve.com,+91-6894376014,Mumbai,1994-05-04,2023-07-19,Full-Time,Active,FINEMP1269,1170977,5,0,95.0,5,2024-08-27,
FINEMP1340,Rekha Rao,Female,Security Engineer,Technology,Junior,rekha.rao@finsolve.com,+91-7397488262,Chennai,1999-11-25,2018-02-27,Full-Time,Active,FINEMP1428,461499,2,2,92.0,3,2025-03-10,
FINEMP1341,Subramanian Naik,Male,Business Analyst,Business,Mid,subramanian.naik@finsolve.com,+91-9509132563,Mumbai,1981-03-26,2016-10-25,Full-Time,Active,FINEMP1219,600193,21,17,75.0,5,2024-10-13,
FINEMP1342,Pooja Tiwari,Female,Business Analyst,Product,Junior,pooja.tiwari@finsolve.com,+91-9411692919,Chennai,1988-08-29,2023-07-23,Full-Time,Active,FINEMP1065,480493,18,26,75.0,3,2025-01-05,
FINEMP1343,Dinesh Nair,Male,Security Engineer,Technology,Junior,dinesh.nair@finsolve.com,+91-6003622015,Delhi,2000-02-14,2023-06-04,Full-Time,Active,FINEMP1442,753865,13,6,86.0,5,2025-02-07,
FINEMP1344,Yash Sharma,Non-Binary,UX Designer,Design,Lead,yash.sharma@finsolve.com,+91-8039557201,Hyderabad,1981-03-28,2025-05-13,Full-Time,Active,FINEMP1357,2255578,4,1,93.5,,,
FINEMP1345,Jayshree Aggarwal,Male,Blockchain Developer,Technology,Junior,jayshree.aggarwal@finsolve.com,+91-8825773649,Hyderabad,1994-08-04,2023-03-03,Full-Time,Active,FINEMP1141,722545,14,11,78.5,4,2025-03-17,
FINEMP1346,Varsha Jagadeesan,Female,Operations Manager,Operations,Mid,varsha.jagadeesan@finsolve.com,+91-7932931842,Mumbai,1992-04-04,2020-06-08,Contract,Active,FINEMP1397,1233941,,,94.6,3,2024-11-14,
FINEMP1347,Ritika Iyer,Male,Data Scientist,Data,Senior,ritika.iyer@finsolve.com,+91-8475414520,Bengaluru,1991-06-18,2016-01-02,Full-Time,Active,FINEMP1387,1772965,15,2,92.0,2,2024-11-20,
FINEMP1348,Rishab Sethi,Male,Compliance Officer,Compliance,Mid,rishab.sethi@finsolve.com,+91-8247800298,Delhi,1978-12-20,2023-04-16,Full-Time,Active,FINEMP1179,1295978,2,2,92.0,4,2024-12-22,
FINEMP1349,Priya Raghavan,Male,Treasury Analyst,Finance,Mid,priya.raghavan@finsolve.com,+91-8013776199,Bengaluru,1995-05-14,2018-09-16,Full-Time,Active,FINEMP1272,947617,30,9,81.5,1,2024-12-02,
FINEMP1350,Sneha Banerjee,Female,Business Analyst,Product,VP,sneha.banerjee@finsolve.com,+91-8032209020,Kolkata,2000-12-07,2019-03-19,Intern,Active,,5723701,19,26,75.0,5,2024-11-19,
FINEMP1351,Aryan Yadav,Non-Binary,Legal Counsel,Legal,Senior,aryan.yadav@finsolve.com,+91-7206765277,Hyderabad,1987-05-07,2019-05-01,Full-Time,Active,FINEMP1015,1366191,23,14,75.0,2,2024-10-28,
FINEMP1352,Naveen Pandey,Male,HR Executive,HR,VP,naveen.pandey@finsolve.com,+91-8265117869,Chennai,1976-06-26,2024-06-03,Contract,Terminated,,6997892,4,3,90.5,3,2025-05-22,2025-01-11
FINEMP1353,Saurabh Dwivedi,Male,Risk Analyst,Risk,Senior,saurabh.dwivedi@finsolve.com,+91-9615645347,Delhi,1990-06-24,2023-01-21,Full-Time,Active,FINEMP1311,1243257,14,4,89.0,3,2024-10-27,
FINEMP1354,Swati Gupta,Female,QA Engineer,Technology,Mid,swati.gupta@finsolve.com,+91-7675339976,Delhi,1996-04-15,2016-05-05,Full-Time,Active,FINEMP1206,1055851,,,89.0,4,2025-03-28,
FINEMP1355,Ramakrishnan Bose,Male,Blockchain Developer,Technology,Senior,ramakrishnan.bose@finsolve.com,+91-6418176555,Mumbai,1998-10-31,2024-11-12,Full-Time,Active,FINEMP1361,1905520,20,10,80.0,3,2025-04-25,
FINEMP1356,Dhruv Patel,Female,QA Engineer,Technology,Mid,dhruv.patel@finsolve.com,+91-8900353279,Bengaluru,1985-11-05,2020-12-22,Full-Time,Resigned,FINEMP1108,804394,21,5,75.0,5,2025-01-26,2022-01-06
FINEMP1357,Sneha Krishnan,Male,Security Engineer,Technology,Lead,sneha.krishnan@finsolve.com,+91-7915307177,Mumbai,1990-10-08,2023-04-24,Contract,Terminated,FINEMP1418,1904917,19,19,75.0,3,2025-05-22,2024-02-22
FINEMP1358,Naveen Ghosh,Male,Business Analyst,Sales,Lead,naveen.ghosh@finsolve.com,+91-6371026639,Hyderabad,1980-10-29,2020-07-22,Full-Time,Active,FINEMP1459,2687132,5,5,87.5,2,2024-08-07,
FINEMP1359,Rekha Reddy,Male,UX Designer,Design,Junior,rekha.reddy@finsolve.com,+91-7187058341,Bengaluru,1994-02-25,2016-12-22,Full-Time,Active,FINEMP1090,469556,24,24,75.0,4,2024-11-09,
FINEMP1360,Vikram Trivedi,Female,DevOps Engineer,Technology,Director,vikram.trivedi@finsolve.com,+91-6298064202,Delhi,1997-01-21,2022-04-20,Full-Time,Active,FINEMP1135,4353676,4,3,90.5,3,2024-11-09,
FINEMP1361,Chitra Malhotra,Female,Sales Manager,Sales,Manager,chitra.malhotra@finsolve.com,+91-6302418646,Ahmedabad,2000-08-17,2021-12-09,Full-Time,Active,FINEMP1000,1839352,4,0,95.0,3,2025-06-23,
FINEMP1362,Shalini Jagadeesan,Male,DevOps Engineer,Technology,Senior,shalini.jagadeesan@finsolve.com,+91-8468061102,Mumbai,1975-03-02,2024-09-23,Full-Time,Active,FINEMP1108,2029029,12,12,77.0,2,2025-01-12,
FINEMP1363,Megha Ghosh,Male,UX Designer,Design,Mid,megha.ghosh@finsolve.com,+91-8299113475,Chennai,1991-02-06,2024-06-22,Full-Time,Active,FINEMP1137,657875,30,11,78.5,3,2025-02-20,
FINEMP1364,Hemant Shetty,Female,Operations Manager,Operations,Junior,hemant.shetty@finsolve.com,+91-6758569854,Hyderabad,1999-11-15,2020-01-13,Full-Time,Active,FINEMP1156,456694,28,22,75.0,2,2024-10-05,
FINEMP1365,Meera Naik,Male,Business Analyst,Business,Junior,meera.naik@finsolve.com,+91-6108940146,Hyderabad,1985-09-12,2017-08-13,Intern,Active,FINEMP1367,583404,15,14,76.7,3,2024-07-21,
FINEMP1366,Rishi Easwaran,Male,Relationship Manager,Sales,Junior,rishi.easwaran@finsolve.com,+91-9466484009,Pune,1998-06-19,2025-06-28,Full-Time,Active,FINEMP1361,378094,7,0,95.0,,,
FINEMP1367,Sakshi Banerjee,Male,Business Analyst,Business,Lead,sakshi.banerjee@finsolve.com,+91-8786516452,Mumbai,1980-11-08,2020-01-06,Full-Time,Active,FINEMP1241,2144533,3,1,93.5,2,2024-08-27,
FINEMP1368,Sumit Mittal,Female,Relationship Manager,Sales,Manager,sumit.mittal@finsolve.com,+91-8644104389,Lucknow,1984-11-22,2023-02-26,Full-Time,Active,FINEMP1251,2507459,23,10,80.0,3,2024-12-11,
FINEMP1369,Sneha Tiwari,Female,Senior Software Engineer,Technology,Mid,sneha.tiwari@finsolve.com,+91-8547281761,Bengaluru,1982-10-12,2023-06-03,Full-Time,Terminated,FINEMP1357,748097,5,4,89.0,1,2024-09-06,2024-03-11
FINEMP1370,Lakshmi Yadav,Male,Blockchain Developer,Technology,Senior,lakshmi.yadav@finsolve.com,+91-9340031305,Pune,1982-01-28,2023-01-16,Full-Time,Active,FINEMP1138,1015149,2,2,92.0,3,2025-02-28,
FINEMP1371,Arjun Bose,Female,Business Analyst,Sales,Manager,arjun.bose@finsolve.com,+91-6614557693,Pune,1987-02-26,2023-09-15,Full-Time,Resigned,FINEMP1232,2166055,1,1,93.5,3,2024-12-01,2024-09-07
FINEMP1372,Preeti Dey,Male,Product Manager,Business,Manager,preeti.dey@finsolve.com,,Chennai,1985-07-27,2019-04-04,Full-Time,Active,FINEMP1467,2000663,27,17,75.0,5,2024-10-14,
FINEMP1373,Raj Chopra,Female,Data Scientist,Data,Senior,raj.chopra@finsolve.com,+91-6483953122,Hyderabad,1981-09-10,2024-11-28,Full-Time,Active,FINEMP1357,1994915,5,0,95.0,2,2024-11-05,
FINEMP1374,Rishab Ahuja,Male,Business Analyst,Product,Senior,rishab.ahuja@finsolve.com,+91-9822862749,Bengaluru,1995-04-30,2024-01-04,Full-Time,Active,FINEMP1412,2126926,25,33,75.0,5,2025-04-29,
FINEMP1375,Aditya Venkatesh,Female,Treasury Analyst,Finance,Junior,aditya.venkatesh@finsolve.com,+91-6853630743,Chennai,1989-08-11,2022-04-25,Intern,Active,FINEMP1031,419423,23,6,86.0,3,2025-03-05,
FINEMP1376,Rishab Raman,Male,Business Analyst,Business,Manager,rishab.raman@finsolve.com,+91-6622518030,Chennai,1984-09-11,2022-10-15,Full-Time,Active,FINEMP1467,2583254,23,11,78.5,4,2025-06-19,
FINEMP1377,Rishab Raghavan,Male,Security Engineer,Technology,Mid,rishab.raghavan@finsolve.com,+91-6586269483,Ahmedabad,1979-12-26,2023-08-15,Full-Time,Active,FINEMP1463,1397273,28,5,87.5,3,2024-09-25,
FINEMP1378,Mohan Khanna,Female,Recruiter,HR,Lead,mohan.khanna@finsolve.com,+91-9672214312,Bengaluru,1985-04-21,2023-02-14,Full-Time,Active,FINEMP1181,2525954,6,6,77.1,3,2024-11-03,
FINEMP1379,Radhika Bhargava,Female,Relationship Manager,Sales,Mid,radhika.bhargava@finsolve.com,+91-6955229116,Mumbai,1981-09-06,2023-10-01,Full-Time,Active,FINEMP1401,646372,15,1,93.5,3,2025-06-21,
FINEMP1380,Siddharth Roy,Female,Sales Manager,Sales,Mid,siddharth.roy@finsolve.com,+91-7032989010,Mumbai,1978-09-23,2017-09-25,Full-Time,Resigned,FINEMP1272,1367333,6,2,92.0,,2025-06-07,2021-08-23
FINEMP1381,Sneha Nair,Female,Operations Manager,Operations,Senior,sneha.nair@finsolve.com,+91-9684747422,Bengaluru,2000-08-02,2021-12-19,Full-Time,Active,FINEMP1182,1953870,4,3,90.5,3,2025-06-25,
FINEMP1382,Chitra Varadarajan,Non-Binary,Blockchain Developer,Technology,Mid,chitra.varadarajan@finsolve.com,,Bengaluru,1978-03-04,2022-07-23,Full-Time,Terminated,FINEMP1361,634303,24,19,75.0,2,2024-08-10,2024-10-15
FINEMP1383,Siddharth Patel,Female,Credit Officer,Finance,Senior,siddharth.patel@finsolve.com,+91-6235414339,Delhi,1998-02-02,2020-11-12,Full-Time,Active,FINEMP1461,1232713,14,5,87.5,3,2025-04-13,
FINEMP1384,Shruti Pillai,Male,Treasury Analyst,Finance,Junior,shruti.pillai@finsolve.com,+91-6594448391,Pune,1990-01-09,2025-05-04,Full-Time,Active,FINEMP1117,686599,18,6,86.0,2,,
FINEMP1385,Raghu Udayakumar,Male,Compliance Officer,Compliance,Junior,raghu.udayakumar@finsolve.com,+91-7816466752,Hyderabad,1987-06-07,2022-01-03,Full-Time,Active,FINEMP1056,537193,16,15,75.0,1,2024-11-26,
FINEMP1386,Bhavesh Srinivasan,Female,Risk Analyst,Risk,Junior,bhavesh.srinivasan@finsolve.com,+91-9435560957,Pune,1977-12-11,2022-04-15,Full-Time,Active,FINEMP1311,504830,9,1,93.5,3,2025-03-11,
FINEMP1387,Arjun Tiwari,Male,Data Analyst,Data,Director,arjun.tiwari@finsolve.com,+91-8236336378,Bengaluru,1976-01-07,2024-05-14,Full-Time,Resigned,FINEMP1282,4135471,15,14,75.0,3,2024-07-11,2025-06-21
FINEMP1388,Arun Ramakrishnan,Female,HR Manager,HR,Senior,arun.ramakrishnan@finsolve.com,+91-8231752989,Delhi,1990-01-25,2016-07-19,Full-Time,Active,FINEMP1232,1684314,21,17,75.0,3,2024-12-03,
FINEMP1389,Prakash Udayakumar,Female,Compliance Officer,Compliance,Mid,prakash.udayakumar@finsolve.com,+91-6974021007,Bengaluru,1996-09-20,2023-06-10,Intern,Active,FINEMP1056,649617,9,2,92.0,1,2024-10-01,
FINEMP1390,Sanjay Sinha,Female,Financial Analyst,Finance,Junior,sanjay.sinha@finsolve.com,+91-8975807892,Ahmedabad,1981-11-19,2021-03-08,Full-Time,Active,FINEMP1031,466003,14,2,92.0,3,2024-12-23,
FINEMP1391,Meera Khanna,Female,Senior Software Engineer,Technology,Senior,meera.khanna@finsolve.com,+91-8318709355,Hyderabad,1982-04-17,2019-09-10,Full-Time,Active,FINEMP1224,1052271,15,14,75.0,2,2025-04-05,
FINEMP1392,Satish Pandey,Male,Data Scientist,Data,Senior,satish.pandey@finsolve.com,+91-7269407096,Bengaluru,1996-04-04,2019-05-25,Full-Time,Active,FINEMP1212,1308456,23,14,75.0,2,2024-07-20,
FINEMP1393,Naveen Raman,Female,Financial Analyst,Finance,Senior,naveen.raman@finsolve.com,+91-6501979037,Pune,1988-10-26,2017-01-13,Intern,Active,FINEMP1105,1462138,2,2,92.0,4,2024-11-19,
FINEMP1394,Saurabh Verma,Male,Product Manager,Product,Manager,saurabh.verma@finsolve.com,,Bengaluru,1999-02-25,2022-08-22,Full-Time,Active,FINEMP1315,1983242,12,5,87.5,3,2025-06-06,
FINEMP1395,Naveen Nath,Female,DevOps Engineer,Technology,Mid,naveen.nath@finsolve.com,+91-9075040971,Hyderabad,1994-03-08,2022-06-13,Full-Time,Active,FINEMP1418,898477,9,8,83.0,4,2025-01-28,
FINEMP1396,Venkat Kumar,Male,Operations Manager,Operations,Lead,venkat.kumar@finsolve.com,+91-9460338250,Hyderabad,1994-01-05,2019-12-14,Full-Time,Active,FINEMP1200,2731405,4,3,90.5,3,2025-04-28,
FINEMP1397,Krishnan Iyer,Male,Operations Manager,Operations,Manager,krishnan.iyer@finsolve.com,+91-7758620050,Kolkata,1987-04-06,2020-07-06,Full-Time,Active,FINEMP1216,3289495,29,5,87.5,3,2024-12-01,
FINEMP1398,Sumit Malhotra,Male,Content Strategist,Marketing,Junior,sumit.malhotra@finsolve.com,+91-8402093847,Jaipur,1995-10-16,2017-04-01,Full-Time,Active,FINEMP1209,380752,30,20,75.0,3,2025-01-29,
FINEMP1399,Suresh Saxena,Male,Senior Software Engineer,Technology,Junior,suresh.saxena@finsolve.com,+91-8954263992,Bengaluru,1985-12-23,2018-01-04,Full-Time,Resigned,FINEMP1223,558500,2,1,93.5,4,2025-05-17,2023-11-03
FINEMP1400,Rekha Mallik,Male,Operations Manager,Operations,Junior,rekha.mallik@finsolve.com,+91-9148027496,Mumbai,2000-10-21,2019-01-28,Full-Time,Active,FINEMP1465,604954,10,2,92.0,3,2025-05-21,
FINEMP1401,Disha Kumar,Female,Relationship Manager,Sales,Lead,disha.kumar@finsolve.com,+91-7252687769,Mumbai,1998-10-04,2024-11-03,Intern,Active,FINEMP1206,1884297,19,17,75.0,3,2024-12-01,
FINEMP1402,Amit Malhotra,Female,Marketing Analyst,Marketing,Director,amit.malhotra@finsolve.com,+91-8956426322,Bengaluru,1991-04-06,2021-02-18,Full-Time,Active,FINEMP1182,4726616,4,2,92.0,2,2024-09-21,
FINEMP1403,Jayesh Bose,Female,Data Analyst,Data,Senior,jayesh.bose@finsolve.com,+91-8162013062,Kolkata,1984-12-01,2023-04-26,Full-Time,Active,FINEMP1112,2102373,22,3,90.5,2,2024-09-05,
FINEMP1404,Geeta Rao,Female,Operations Manager,Operations,Junior,geeta.rao@finsolve.com,+91-7338197849,Bengaluru,1991-04-07,2018-03-27,Full-Time,Active,FINEMP1396,613340,10,4,89.0,3,2025-06-20,
FINEMP1405,Rishab Ghosh,Male,Business Analyst,Business,Mid,rishab.ghosh@finsolve.com,+91-7320394595,Bengaluru,1980-08-15,2016-04-05,Full-Time,Resigned,FINEMP1234,1045440,25,0,95.0,,2024-08-24,2017-02-13
FINEMP1406,Narendra Pillai,Male,Blockchain Developer,Technology,Mid,narendra.pillai@finsolve.com,+91-6254542263,Bengaluru,1996-01-16,2022-02-09,Full-Time,Active,FINEMP1135,916298,24,3,90.5,2,2024-10-02,
FINEMP1407,Suresh Ghosh,Male,Business Analyst,Sales,Junior,suresh.ghosh@finsolve.com,+91-6389894192,Jaipur,1981-07-12,2022-12-09,Full-Time,Active,FINEMP1401,482366,27,23,75.0,3,2025-04-22,
FINEMP1408,Karthik Ahuja,Female,Marketing Manager,Marketing,Senior,karthik.ahuja@finsolve.com,+91-9074387556,Bengaluru,1983-08-05,2022-05-06,Full-Time,Active,FINEMP1209,2126435,,,98.5,3,2025-06-27,
FINEMP1409,Arun Jain,Female,Marketing Analyst,Marketing,Junior,arun.jain@finsolve.com,+91-8531370274,Bengaluru,1983-04-22,2020-08-22,Full-Time,Active,FINEMP1209,394816,12,8,83.0,3,2024-09-01,
FINEMP1410,Lakshmi Srinivasan,Male,Relationship Manager,Sales,Manager,lakshmi.srinivasan@finsolve.com,+91-6583739168,Delhi,1997-03-29,2021-06-23,Full-Time,Active,FINEMP1306,3314430,10,6,86.0,2,2025-02-12,
FINEMP1411,Tanvi Kapoor,Female,Financial Analyst,Finance,Mid,tanvi.kapoor@finsolve.com,+91-7248071617,Pune,1994-03-13,2019-04-28,Full-Time,Active,FINEMP1073,1481913,30,5,,3,2025-06-09,
FINEMP1412,Harsh Raghavan,Female,Product Manager,Product,Lead,harsh.raghavan@finsolve.com,+91-8244817796,Delhi,1978-10-24,2020-02-05,Full-Time,Active,FINEMP1357,2738488,23,5,87.5,2,2025-04-30,
FINEMP1413,Aditi Aggarwal,Male,Data Scientist,Data,Manager,aditi.aggarwal@finsolve.com,+91-9599651312,Bengaluru,1994-01-19,2021-12-16,Full-Time,Resigned,FINEMP1387,3296304,18,12,77.0,3,2025-03-05,2025-04-26
FINEMP1414,Varun Dwivedi,Male,DevOps Engineer,Technology,Manager,varun.dwivedi@finsolve.com,+91-7952641348,Hyderabad,1979-11-06,2025-03-16,Full-Time,Active,FINEMP1182,3117789,0,0,95.0,,2024-09-29,
FINEMP1415,Shruti Dey,Female,QA Engineer,Technology,Mid,shruti.dey@finsolve.com,+91-7404264843,Delhi,1981-11-07,2025-05-20,Full-Time,Active,FINEMP1360,680234,16,14,75.0,3,,
FINEMP1416,Aman Chatterjee,Male,Relationship Manager,Sales,Mid,aman.chatterjee@finsolve.com,+91-9476696973,Mumbai,1999-04-01,2021-09-01,Full-Time,Active,FINEMP1272,633133,28,12,77.0,3,2024-07-18,
FINEMP1417,Narendra Mishra,Female,Software Engineer,Technology,Junior,narendra.mishra@finsolve.com,+91-8832148790,Delhi,1988-08-05,2016-12-06,Full-Time,Active,FINEMP1137,370510,12,1,93.5,3,2025-04-02,
FINEMP1418,Deepak Jain,Female,Security Engineer,Technology,Lead,deepak.jain@finsolve.com,+91-8414868603,Chennai,1982-01-04,2023-09-02,Full-Time,Active,FINEMP1004,2537442,12,5,87.5,2,2025-04-28,
FINEMP1419,Mohan Srinivasan,Female,Operations Manager,Operations,Senior,mohan.srinivasan@finsolve.com,+91-7573719360,Bengaluru,1990-08-25,2019-12-19,Contract,Active,FINEMP1209,1715666,13,5,87.5,4,2024-10-28,
FINEMP1420,Megha Tiwari,Female,Product Manager,Business,Senior,megha.tiwari@finsolve.com,+91-9910091063,Ahmedabad,1977-12-09,2022-05-04,Full-Time,Active,FINEMP1234,1041339,1,1,93.5,3,2025-06-21,
FINEMP1421,Shalini Shetty,Male,Product Manager,Business,Junior,shalini.shetty@finsolve.com,+91-7359418693,Mumbai,1991-12-11,2019-10-13,Full-Time,Active,FINEMP1278,351236,3,1,93.5,4,2024-12-20,
FINEMP1422,Rekha Nath,Male,Marketing Manager,Marketing,Junior,rekha.nath@finsolve.com,+91-7560508934,Pune,1994-07-23,2021-04-16,Full-Time,Active,FINEMP1103,712693,27,9,81.5,3,2024-10-23,
FINEMP1423,Anitha Venkatesh,Male,Security Engineer,Technology,Senior,anitha.venkatesh@finsolve.com,+91-6394955891,Jaipur,2000-12-08,2022-02-19,Full-Time,Active,FINEMP1262,1141074,16,6,86.0,2,2025-03-15,
FINEMP1424,Ravi Ramakrishnan,Female,Operations Manager,Operations,Junior,ravi.ramakrishnan@finsolve.com,+91-8319057193,Mumbai,1989-01-20,2023-04-14,Full-Time,Active,FINEMP1035,627661,21,5,87.5,3,2024-10-03,
FINEMP1425,Ashok Udayakumar,Female,Security Engineer,Technology,Junior,ashok.udayakumar@finsolve.com,+91-8838141056,Mumbai,1995-12-18,2021-05-21,Full-Time,Active,FINEMP1360,622134,29,18,75.0,1,2025-02-21,
FINEMP1426,Vedavati Subramanian,Female,Data Analyst,Data,Junior,vedavati.subramanian@finsolve.com,+91-9205907540,Bengaluru,1988-06-20,2023-07-14,Full-Time,Resigned,FINEMP1371,735271,20,13,75.5,4,2025-06-16,2024-09-07
FINEMP1427,Aarti Varadarajan,Non-Binary,Relationship Manager,Sales,Manager,aarti.varadarajan@finsolve.com,+91-6644082961,Kolkata,1983-08-11,2024-01-08,Full-Time,Active,FINEMP1060,2451250,17,13,75.5,2,2024-09-07,
FINEMP1428,Chirag Dutta,Male,Software Engineer,Technology,VP,chirag.dutta@finsolve.com,+91-9451170219,Chennai,1987-06-18,2023-11-18,Contract,On Notice,,4677135,15,1,93.5,3,2024-08-01,
FINEMP1429,Abhinav Yadav,Male,QA Engineer,Technology,Mid,abhinav.yadav@finsolve.com,+91-8884809577,Bengaluru,1979-01-19,2020-07-27,Full-Time,Active,FINEMP1119,747388,18,3,90.5,3,2025-03-25,
FINEMP1430,Siddharth Banerjee,Male,Operations Manager,Operations,Junior,siddharth.banerjee@finsolve.com,+91-6387615589,Chennai,1985-09-05,2022-10-04,Full-Time,Active,FINEMP1184,464317,18,7,84.5,4,2024-10-17,
FINEMP1431,Rekha Venkatesh,Female,HR Executive,HR,Mid,rekha.venkatesh@finsolve.com,+91-7092235611,Kolkata,1977-07-05,2022-08-18,Full-Time,On Notice,FINEMP1344,718448,13,3,90.5,3,2025-01-01,
FINEMP1432,Satish Naik,Male,Credit Officer,Finance,Senior,satish.naik@finsolve.com,+91-9527737401,Bengaluru,1988-10-28,2022-01-21,Contract,Resigned,FINEMP1330,1073000,21,1,93.5,3,2025-04-08,2024-09-14
FINEMP1433,Thirumalai Trivedi,Non-Binary,Marketing Analyst,Marketing,Junior,thirumalai.trivedi@finsolve.com,+91-9009126264,Lucknow,1991-04-12,2022-11-04,Full-Time,Active,FINEMP1069,423932,12,18,75.0,3,2024-10-28,
FINEMP1434,Aman Iyer,Female,DevOps Engineer,Technology,Mid,aman.iyer@finsolve.com,+91-9823580587,Pune,1982-03-10,2020-08-21,Contract,Active,FINEMP1202,1451703,13,4,89.0,3,2025-02-26,
FINEMP1435,Deepak Varadarajan,Female,Operations Manager,Operations,Senior,deepak.varadarajan@finsolve.com,+91-7429031013,Mumbai,1993-12-12,2018-02-27,Full-Time,Active,FINEMP1397,1547293,11,11,78.5,2,2024-07-14,
FINEMP1436,Mahesh Mittal,Female,Business Analyst,Business,Mid,mahesh.mittal@finsolve.com,+91-6789155661,Kolkata,1994-11-21,2018-11-05,Full-Time,Active,FINEMP1278,,9,1,93.5,3,2025-05-28,
FINEMP1437,Harini Desai,Female,Operations Manager,Operations,Lead,harini.desai@finsolve.com,+91-8945288333,Lucknow,1993-05-28,2022-06-15,Full-Time,Active,FINEMP1184,1779990,21,10,80.0,2,2024-10-01,
FINEMP1438,Aditi Joshi,Female,HR Executive,HR,Junior,aditi.joshi@finsolve.com,+91-9584919228,Hyderabad,2000-08-02,2022-04-01,Full-Time,Active,FINEMP1171,783976,19,2,92.0,1,2024-09-24,
FINEMP1439,Varsha Krishnan,Female,Financial Analyst,Finance,Junior,varsha.krishnan@finsolve.com,+91-7842125920,Ahmedabad,1986-09-02,2024-03-03,Full-Time,Active,FINEMP1105,389193,3,11,78.5,4,2025-06-09,
FINEMP1440,Preeti Pandey,Female,Data Scientist,Data,Junior,preeti.pandey@finsolve.com,+91-9064732814,Mumbai,1984-02-11,2023-04-28,Intern,Active,FINEMP1100,439566,15,13,75.5,4,2024-11-21,
FINEMP1441,Arjun Sethi,Male,Recruiter,HR,Director,arjun.sethi@finsolve.com,+91-7796717941,Kolkata,1983-02-03,2017-07-26,Full-Time,Active,FINEMP1184,3608578,7,3,90.5,5,2024-07-05,
FINEMP1442,Rohan Gupta,Female,Business Analyst,Product,Lead,rohan.gupta@finsolve.com,+91-7388330907,Bengaluru,1992-10-31,2021-11-07,Full-Time,Active,FINEMP1015,2387705,8,8,83.0,3,2024-12-28,
FINEMP1443,Dinesh Chatterjee,Male,Treasury Analyst,Finance,Junior,dinesh.chatterjee@finsolve.com,+91-9445631097,Bengaluru,1977-01-15,2018-01-09,Intern,Active,FINEMP1073,499721,12,2,92.0,5,2024-11-10,
FINEMP1444,Nikhil Pillai,Female,Financial Analyst,Finance,Junior,nikhil.pillai@finsolve.com,+91-9995723790,Mumbai,1990-03-20,2020-08-05,Full-Time,Active,FINEMP1031,672378,4,2,92.0,3,2024-11-20,
FINEMP1445,Reddy Aggarwal,Male,Business Analyst,Sales,Senior,reddy.aggarwal@finsolve.com,+91-7847205403,Bengaluru,1987-09-10,2023-05-20,Full-Time,Active,FINEMP1491,1553140,13,5,87.5,4,2025-04-10,
FINEMP1446,Priya Chatterjee,Male,Blockchain Developer,Technology,Junior,priya.chatterjee@finsolve.com,+91-7889740931,Mumbai,1977-05-21,2022-04-05,Full-Time,Active,FINEMP1414,396018,8,7,84.5,3,2024-07-20,
FINEMP1447,Rekha Anantharaman,Female,Marketing Analyst,Marketing,Junior,rekha.anantharaman@finsolve.com,+91-9045256972,Mumbai,2000-02-28,2021-08-15,Full-Time,Active,FINEMP1227,743462,4,0,95.0,3,2025-03-17,
FINEMP1448,Satish Aggarwal,Male,Business Analyst,Product,Junior,satish.aggarwal@finsolve.com,+91-8848154637,Delhi,1984-07-11,2023-10-01,Full-Time,Active,,599257,29,24,75.0,3,2024-11-22,
FINEMP1449,Jayshree Naik,Male,Data Analyst,Data,Mid,jayshree.naik@finsolve.com,+91-8535484518,Kolkata,1979-10-04,2025-02-01,Contract,Active,FINEMP1035,1471051,15,8,79.8,2,2025-02-16,
FINEMP1450,Rajesh Mallik,Male,Credit Officer,Finance,Senior,rajesh.mallik@finsolve.com,+91-9153878465,Delhi,2000-07-13,2024-03-07,Full-Time,Active,FINEMP1498,1593397,1,1,93.5,3,2025-01-20,
FINEMP1451,Simran Naik,Female,Sales Manager,Sales,Mid,simran.naik@finsolve.com,,Bengaluru,1984-05-04,2019-03-13,Intern,Active,FINEMP1272,898776,30,3,90.5,3,2024-12-05,
FINEMP1452,Arjun Banerjee,Female,Recruiter,HR,Mid,arjun.banerjee@finsolve.com,+91-7542083341,Bengaluru,1979-04-24,2022-06-17,Full-Time,Active,FINEMP1045,1067080,15,13,75.5,2,2024-10-03,
FINEMP1453,Rishi Verma,Male,Marketing Analyst,Marketing,Junior,rishi.verma@finsolve.com,+91-6399206328,Bengaluru,1976-10-24,2018-09-11,Full-Time,Active,FINEMP1069,654649,21,15,75.0,4,2025-02-24,
FINEMP1454,Ramakrishnan Krishnan,Male,Risk Analyst,Risk,Mid,ramakrishnan.krishnan@finsolve.com,+91-9442608248,Mumbai,1996-06-04,2023-05-05,Full-Time,Active,FINEMP1311,1317555,26,13,75.5,3,2024-07-23,
FINEMP1455,Abhinav Das,Male,Product Manager,Product,Lead,abhinav.das@finsolve.com,+91-7773904836,Pune,1979-03-29,2019-08-22,Full-Time,Active,FINEMP1116,2031377,18,16,,3,2025-02-21,
FINEMP1456,Balaji Dutta,Female,Senior Software Engineer,Technology,Junior,balaji.dutta@finsolve.com,+91-9620270124,Chennai,1992-08-17,2022-01-03,Full-Time,Active,FINEMP1201,669297,18,14,75.0,3,2024-10-03,
FINEMP1457,Priya Ramakrishnan,Male,Sales Manager,Sales,Junior,priya.ramakrishnan@finsolve.com,+91-9208466467,Jaipur,1986-08-19,2016-11-04,Full-Time,Active,FINEMP1361,309392,,,83.4,3,2025-06-19,
FINEMP1458,Ashish Sundaramoorthy,Male,QA Engineer,Quality Assurance,Mid,ashish.sundaramoorthy@finsolve.com,+91-9196515792,Chennai,1996-10-31,2018-05-20,Full-Time,Active,FINEMP1024,1246703,21,21,75.0,3,2024-07-07,
FINEMP1459,Pooja Kuppuswamy,Male,Legal Counsel,Legal,Lead,pooja.kuppuswamy@finsolve.com,+91-6068226613,Kolkata,1983-06-11,2018-01-07,Full-Time,Active,FINEMP1056,1804410,13,13,75.5,3,2025-02-22,
FINEMP1460,Gaurav Ramakrishnan,Female,Marketing Manager,Marketing,Senior,gaurav.ramakrishnan@finsolve.com,+91-6093702563,Delhi,1980-03-23,2022-03-05,Full-Time,Active,FINEMP1069,1933790,15,22,75.0,3,2025-01-16,
FINEMP1461,Deepak Parthasarathy,Male,Financial Analyst,Finance,Lead,deepak.parthasarathy@finsolve.com,+91-6440936451,Bengaluru,1994-05-15,2021-07-28,Full-Time,Active,FINEMP1262,2713540,17,1,93.5,3,2025-05-09,
FINEMP1462,Anjali Tiwari,Male,Blockchain Developer,Technology,Senior,anjali.tiwari@finsolve.com,+91-9726460499,Bengaluru,1996-11-19,2020-04-23,Full-Time,Active,FINEMP1303,1039887,10,4,89.0,3,2025-03-10,
FINEMP1463,Nandini Sundaramoorthy,Male,Security Engineer,Technology,Lead,nandini.sundaramoorthy@finsolve.com,+91-7489340533,Pune,1995-02-10,2022-12-14,Contract,Active,FINEMP1148,2104002,15,7,84.5,2,2025-05-04,
FINEMP1464,Krishnan Pillai,Male,Blockchain Developer,Technology,Lead,krishnan.pillai@finsolve.com,+91-6563321747,Chennai,1988-02-28,2019-12-23,Full-Time,Active,FINEMP1135,2374221,21,11,78.5,5,2025-05-14,
FINEMP1465,Kabir Venkatesh,Male,Operations Manager,Operations,Manager,kabir.venkatesh@finsolve.com,+91-9218022734,Hyderabad,1978-11-13,2023-11-16,Full-Time,Active,FINEMP1303,2218348,15,13,75.5,4,2025-04-11,
FINEMP1466,Karan Venkatesh,Male,Data Analyst,Data,Senior,karan.venkatesh@finsolve.com,+91-7540977351,Mumbai,1986-09-13,2025-06-06,Full-Time,Active,FINEMP1233,2055871,2,0,95.0,3,,
FINEMP1467,Sakshi Nath,Male,HR Executive,HR,VP,sakshi.nath@finsolve.com,+91-9371058879,Mumbai,1990-12-08,2017-01-25,Full-Time,Active,,5621939,27,16,75.0,3,2025-02-09,
FINEMP1468,Ananya Khanna,Male,Business Analyst,Product,Manager,ananya.khanna@finsolve.com,+91-9245983126,Mumbai,1979-12-23,2024-02-26,Full-Time,Active,FINEMP1200,3440300,3,0,95.0,2,2024-10-13,
FINEMP1469,Aarti Chopra,Non-Binary,HR Executive,HR,Junior,aarti.chopra@finsolve.com,+91-7254658686,Delhi,1994-10-21,2022-09-16,Full-Time,Active,FINEMP1242,352058,11,2,92.0,3,2024-07-03,
FINEMP1470,Harish Rao,Female,Business Analyst,Business,Senior,harish.rao@finsolve.com,+91-8034368522,Ahmedabad,1990-04-24,2023-05-17,Full-Time,Active,FINEMP1367,1557875,24,20,75.0,1,2025-01-31,
FINEMP1471,Sunil Sethi,Male,Senior Software Engineer,Technology,Senior,sunil.sethi@finsolve.com,+91-7841780103,Delhi,1993-07-18,2024-07-15,Contract,Resigned,FINEMP1414,2082456,11,7,79.0,3,2024-08-12,2025-04-07
FINEMP1472,Venkat Easwaran,Male,Operations Manager,Operations,Junior,venkat.easwaran@finsolve.com,+91-9317315247,Bengaluru,1982-05-16,2020-07-02,Full-Time,Active,FINEMP1196,319447,20,18,75.0,2,2025-06-03,
FINEMP1473,Vikram Khanna,Male,Product Manager,Business,Mid,vikram.khanna@finsolve.com,+91-9804408356,Delhi,1999-11-01,2020-05-24,Full-Time,Active,FINEMP1241,960875,,,90.6,2,2025-06-23,
FINEMP1474,Ravi Anantharaman,Female,QA Engineer,Technology,Mid,ravi.anantharaman@finsolve.com,+91-6881041979,Mumbai,1999-06-03,2023-10-26,Full-Time,Resigned,FINEMP1031,1063621,28,20,75.0,4,2024-07-18,2025-01-23
FINEMP1475,Krishnan Parthasarathy,Female,Marketing Analyst,Marketing,Senior,krishnan.parthasarathy@finsolve.com,+91-9087568404,Mumbai,1980-08-26,2020-09-18,Full-Time,Active,FINEMP1094,1194656,9,2,92.0,4,2024-11-09,
FINEMP1476,Shreya Raghavan,Male,Senior Software Engineer,Technology,Mid,shreya.raghavan@finsolve.com,+91-7305421333,Bengaluru,1993-12-18,2025-01-24,Full-Time,Active,FINEMP1116,991096,16,1,93.5,3,2025-04-19,
FINEMP1477,Priya Raman,Female,Business Analyst,Business,Junior,priya.raman@finsolve.com,+91-7014030282,Hyderabad,2000-05-15,2017-12-21,Full-Time,Active,FINEMP1241,742758,11,10,80.0,3,2025-06-30,
FINEMP1478,Sonali Malhotra,Non-Binary,UX Designer,Design,Lead,sonali.malhotra@finsolve.com,+91-7063577070,Mumbai,1979-09-21,2025-05-19,Full-Time,Active,FINEMP1368,2257632,4,3,90.5,2,,
FINEMP1479,Mahesh Trivedi,Male,QA Engineer,Technology,Senior,mahesh.trivedi@finsolve.com,+91-6335319679,Bengaluru,1991-07-26,2022-11-17,Full-Time,Active,FINEMP1360,2172241,12,9,81.5,3,2025-03-07,
FINEMP1480,Vikram Jain,Male,Business Analyst,Product,Lead,vikram.jain@finsolve.com,+91-6619962132,Mumbai,1997-09-08,2020-03-16,Full-Time,Active,FINEMP1015,1771340,16,3,90.5,,2024-09-18,
FINEMP1481,Subramanian Jagadeesan,Male,Security Engineer,Technology,Junior,subramanian.jagadeesan@finsolve.com,+91-6510096343,Delhi,1993-04-30,2024-02-04,Full-Time,Active,FINEMP1004,451828,4,2,92.0,4,2024-09-11,
FINEMP1482,Amit Subramanian,Male,Product Manager,Product,Mid,amit.subramanian@finsolve.com,+91-7811432415,Mumbai,1977-03-08,2024-05-10,Full-Time,Resigned,FINEMP1394,1458914,0,0,95.0,3,2024-12-05,2025-03-30
FINEMP1483,Narendra Venkatesh,Male,Marketing Analyst,Marketing,Junior,narendra.venkatesh@finsolve.com,+91-9355869907,Delhi,1991-12-04,2018-08-27,Full-Time,Terminated,FINEMP1060,617566,4,3,90.5,3,2024-12-13,2020-02-23
FINEMP1484,Dhruv Srinivasan,Male,Product Manager,Business,Junior,dhruv.srinivasan@finsolve.com,+91-9866520330,Bengaluru,1992-09-26,2022-06-18,Contract,Active,FINEMP1367,651505,23,2,92.0,2,2025-06-27,
FINEMP1485,Radhika Rao,Male,Relationship Manager,Sales,Mid,radhika.rao@finsolve.com,+91-6531637964,Kolkata,2000-02-03,2023-02-07,Full-Time,Active,FINEMP1368,1168154,1,0,95.0,,2025-06-02,
FINEMP1486,Arun Kumar,Male,Security Engineer,Technology,Junior,arun.kumar@finsolve.com,+91-6081490931,Delhi,1987-05-02,2023-04-08,Full-Time,Active,FINEMP1191,739834,14,8,83.0,,2024-07-11,
FINEMP1487,Radhika Gupta,Male,Relationship Manager,Sales,Junior,radhika.gupta@finsolve.com,+91-7782138375,Kolkata,1976-01-30,2016-09-11,Full-Time,Active,FINEMP1242,347723,3,2,92.0,4,2024-12-04,
FINEMP1488,Arun Sethi,Male,Marketing Analyst,Marketing,Junior,arun.sethi@finsolve.com,+91-6253032556,Pune,1989-08-04,2025-01-23,Full-Time,Resigned,,504440,4,2,92.0,4,2024-07-26,
FINEMP1489,Shalini Joshi,Female,UX Designer,Design,Senior,shalini.joshi@finsolve.com,+91-8564115326,Delhi,1985-08-10,2023-08-17,Full-Time,Active,FINEMP1196,1807505,8,7,84.5,,2025-05-20,
FINEMP1490,Harini Arora,Female,Financial Analyst,Finance,Senior,harini.arora@finsolve.com,+91-6079984471,Bengaluru,1987-01-27,2024-09-19,Full-Time,Active,FINEMP1108,1516562,20,9,81.5,3,2025-03-13,
FINEMP1491,Dhruv Chatterjee,Male,Sales Manager,Sales,Manager,dhruv.chatterjee@finsolve.com,+91-6611461750,Kolkata,1991-09-30,2021-09-06,Full-Time,Active,FINEMP1306,2927293,30,14,75.0,3,2025-05-13,
FINEMP1492,Rekha Mukherjee,Male,Relationship Manager,Sales,Junior,rekha.mukherjee@finsolve.com,+91-6718898818,Bengaluru,1975-01-09,2025-04-09,Intern,Active,FINEMP1427,740133,11,3,90.5,,,
FINEMP1493,Naveen Nair,Female,Business Analyst,Business,Mid,naveen.nair@finsolve.com,+91-7697821614,Chennai,1980-07-07,2024-03-24,Full-Time,Active,FINEMP1255,893033,6,6,86.0,3,2024-11-10,
FINEMP1494,Aryan Shetty,Female,Legal Counsel,Legal,Junior,aryan.shetty@finsolve.com,+91-8844458160,Pune,1989-06-05,2023-06-07,Full-Time,Resigned,FINEMP1459,614317,29,20,75.0,,2024-07-04,2024-05-29
FINEMP1495,Sanjay Rao,Male,QA Engineer,Technology,Senior,sanjay.rao@finsolve.com,+91-8991401525,Mumbai,1996-12-07,2022-07-18,Full-Time,Active,,1162577,28,21,75.0,2,2025-01-08,
FINEMP1496,Neha Naik,Female,Treasury Analyst,Finance,Senior,neha.naik@finsolve.com,+91-6761010785,Bengaluru,1975-05-19,2021-02-15,Full-Time,Active,FINEMP1105,1404731,7,4,89.0,3,2025-05-10,
FINEMP1497,Dhruv Ravindran,Male,Recruiter,HR,Junior,dhruv.ravindran@finsolve.com,+91-9082968468,Bengaluru,1984-12-02,2024-04-16,Intern,Active,FINEMP1352,319291,28,19,75.0,3,2025-01-18,
FINEMP1498,Sumit Sundaramoorthy,Male,Data Analyst,Data,Manager,sumit.sundaramoorthy@finsolve.com,+91-8444275463,Bengaluru,1997-06-11,2016-08-06,Full-Time,Active,FINEMP1428,3183781,21,18,75.0,1,2024-09-03,
FINEMP1499,Pavan Hariharan,Female,HR Executive,HR,Junior,pavan.hariharan@finsolve.com,+91-9674254156,Mumbai,1985-03-23,2016-09-24,Full-Time,Active,,400585,0,0,95.0,,2025-02-03,
